neighborhood,avgOverallEquityScore,Percent Hispanic,Percent White,Percent Black,Percent Native American,Percent Asian,Percent Hawaiian/Pacific Islander,Percent Other Race,Percent Two or More Races,Median Household Income,Per Capita Income,Median Home Value,Percent Living in Poverty,population_density,percent_less_hs,percent_at_hs,percent_some_college,percent_bachelors,program_count_per1000,crime_per1000
Athmar Park,2.29999995,62.75417985,31.800723,0.91504745,1.36692273,1.98825124,0.0,0.38409399,0.79078174,64019,29999,362114,16.9,2213.0009021727687,24.16962270235408,24.830699774266364,25.4434053531119,25.556272170267658,56.48441030275644,387.37008585630366
Auraria,4.19999981,19.24686192,67.08507671,8.92608089,0.83682008,0.27894003,0.0,0.0,3.62622036,137750,12730,550000,0.0,429.21483799226644,0.0,3.614457831325301,20.481927710843372,75.90361445783132,18.13110181311018,3926.0808926080895
Baker,3.0999999,18.00248524,68.67039453,4.30257844,0.71450761,0.38831935,0.0,0.0,7.92171482,92300,62975,478399,7.85,1667.7741416510125,6.148007590132827,8.72865275142315,12.656546489563567,72.46679316888046,52.96675986331159,1007.9217148182667
Barnum,2.0,72.8073146,21.67287504,0.16931934,3.69116153,0.1523874,0.0,0.11852354,1.38841856,52890,19851,323200,22.0,2958.0549500328407,30.11923276308968,32.4779678589943,20.58061171591498,16.82218766200104,73.9925499492042,459.19403995936335
Barnum West,1.89999998,72.15070049,24.19538054,0.53010223,0.49223779,0.68156002,0.0,0.0,1.95001893,55205,28903,333200,3.7,2819.709855779898,29.655172413793103,30.371352785145888,20.344827586206897,19.628647214854112,44.112078758046195,304.61946232487696
Bear Valley,3.29999995,30.49168297,57.09393346,5.47945205,0.85616438,4.0851272,0.0,0.1834638,1.81017613,65526,39660,389212,6.85,2336.4248798759695,7.537120723047128,23.999354422207876,25.710135571336345,42.75338928340865,28.86497064579256,292.8082191780822
Belcaro,4.5,7.00349148,82.54261655,2.2386527,0.0,3.24501951,0.0,0.69829534,4.27192442,109250,96155,915700,7.5,1614.8123329996165,0.6083650190114068,4.5373891001267435,14.49936628643853,80.35487959442332,48.059149722735675,300.06161429451635
Berkeley,3.5,20.56955093,74.65498357,0.84337349,0.10952903,2.11391019,0.0,0.0,1.70865279,113655,66874,636585,8.5,2355.035423630658,3.1965976128412676,12.15530251063246,15.489093154067774,69.1590067224585,68.3461117196057,327.38225629791896
CBD,3.70000005,12.26516951,70.28719499,6.90995465,0.0,2.78557547,0.0,0.45346577,7.2986396,95973,104187,533235,23.5,4151.027112389333,4.2437102152167325,5.607759927250682,21.248863291906638,68.89966656562595,5.614338155905852,2629.8855538760527
Capitol Hill,3.0999999,13.4057072,73.93920596,3.2133995,0.0,4.24937965,0.0,0.0,5.19230769,62192,57422,339727,9.61666667,9208.595905827086,3.5397029904387334,9.879975588255238,21.217874821997697,65.36244659930833,17.431761786600497,835.9181141439205
Central Park,4.0999999,10.561475,66.87598116,8.99829654,0.54778049,7.82925281,0.13694512,0.24382912,4.80643976,145801,62006,636942,3.05,1287.8397158980051,2.0841847159787497,11.125868410298324,15.6671434409481,71.12280343277483,54.644443702194465,605.8652593607002
Chaffee Park,3.0999999,50.02853881,44.54908676,2.42579909,0.19977169,0.456621,0.0,0.0,2.34018265,77570,44370,367700,7.9,1722.2969478044304,16.580310880829018,24.386873920552677,17.063903281519863,41.968911917098445,74.77168949771689,448.9155251141553
Cheesman Park,3.4000001,4.5820295,86.17568172,3.08448815,0.30174341,1.48636567,0.0,0.10058114,4.26911042,67444,63876,446774,8.46666667,6564.911468813319,0.35842293906810035,5.487578791249536,19.737980472129525,74.41601779755284,3.4644613321412607,484.3540455967814
Cherry Creek,4.0,5.6316117,83.94523958,1.99128811,0.09334163,3.29807094,0.0,0.90230243,4.13814561,114057,104181,935017,4.7,2968.2763984773187,0.9735269000853971,6.848847139197267,14.346712211784798,77.83091374893255,42.47044181705041,633.9452395768512
City Park,3.9000001,9.49596213,78.41826789,8.32637148,0.0,1.475912,0.0,0.0,2.28348649,85429,73969,630200,10.2,1805.6683844405886,1.6300731869594145,6.187624750499002,13.406520292747837,78.77578176979375,47.89752158173211,548.5937064884433
City Park West,2.5,14.61481755,64.83597494,14.79911537,0.22115739,1.99041651,0.0,0.0,3.53851825,68627,54228,644680,13.85,3919.138252296845,5.127630989699955,15.830721003134796,17.21898790864308,61.822660098522164,5.71323258385551,854.2204201990417
Civic Center,4.0,17.06970128,68.314367,8.96159317,0.46230441,3.59174964,0.0,0.0,1.6002845,102520,93375,690600,8.9,3575.4526349394146,0.24865312888520513,13.178615830915872,19.975134687111478,66.59759635308744,15.647226173541963,2924.25320056899
Clayton,2.29999995,51.56566794,32.23699031,10.58797026,0.29285875,2.56814598,0.24780356,0.0,2.50056319,58484,32015,428400,24.4,2225.5251274738675,24.75862068965517,12.275862068965518,20.448275862068964,42.51724137931034,80.42351881054292,545.6183825185853
Cole,2.5,46.77634504,39.66207203,10.38239217,0.17785683,0.06669631,0.0,0.0,2.93463762,77500,37709,455800,15.0,3393.992862527287,17.138211382113823,17.95121951219512,23.577235772357724,41.333333333333336,59.35971542907959,502.44553134726544
College View - South Platte,1.79999995,66.78419453,17.98176292,5.43465046,0.54711246,8.42553191,0.0,0.49848024,0.32826748,76827,26219,342900,13.5,2178.5147642167653,26.588662497478317,34.51684486584628,25.721202340125078,13.173290296550332,24.680851063829788,461.6413373860183
Congress Park,3.5,8.53647881,77.23023154,4.61336828,0.28833552,3.59108781,0.0,0.20096112,5.53953692,72919,64113,663120,10.0,4296.784539526912,3.421342134213421,7.095709570957095,11.08910891089109,78.39383938393838,34.338138925294885,324.0716470074268
Cory - Merrill,3.9000001,5.05338078,84.74495848,0.35587189,0.07117438,5.69395018,0.0,0.14234875,3.93831554,150441,82192,723700,5.2,1941.0754734604586,0.6930693069306931,6.666666666666667,14.422442244224424,78.21782178217822,119.33570581257413,542.5860023724792
Country Club,4.69999981,7.71128933,88.74151758,1.14127082,0.0,0.46267736,0.0,0.0,1.94324491,250001,160709,1238500,2.3,1929.0852408433193,0.5316973415132925,0.5316973415132925,7.934560327198365,91.00204498977506,0.0,255.0894509561999
DIA,3.0999999,15.38461538,26.1019879,41.09766638,0.0,8.98876404,0.0,0.0,8.42696629,59465,13678,247085,6.85,21.28004063333859,5.571428571428571,19.5,42.714285714285715,32.214285714285715,82.97320656871219,7270.09507346586
East Colfax,1.89999998,29.80742132,36.62752466,21.09910756,0.24424612,7.59041804,0.0,0.1033349,4.52794739,64790,35141,364352,17.0,3846.996515030938,17.60133259300389,19.197667962243198,28.12326485285952,35.077734591893396,4.97886331611085,800.4697040864256
Elyria Swansea,2.20000005,83.77532777,11.38259833,3.00953516,0.59594756,0.0,0.0,0.1340882,1.10250298,49562,20563,305645,18.35,999.635167848879,44.65969920978843,27.657405047157784,15.957175630894724,11.725720112159062,50.05959475566151,706.3468414779499
Five Points,2.4000001,18.55496761,62.12353494,11.70565254,0.46486326,1.77538203,0.0,0.69234954,4.68325009,83349,57365,555094,14.9,4444.025764592677,5.002177564860324,12.555216823243951,22.080507683693153,60.36209792820257,29.276494733198163,1097.4234706493248
Fort Logan,2.70000005,20.84877063,65.98181206,2.53733019,0.07858987,3.92949366,0.1347255,0.05613562,6.43314247,88541,43986,447906,12.36666667,1296.7095776040485,9.525993883792049,24.143730886850154,29.5565749235474,36.773700305810394,24.47513191871562,185.4721005950376
Gateway - Green Valley Ranch,2.70000005,44.10052729,19.12392431,27.61989546,0.14837134,6.69040608,0.0,0.57978954,1.73708599,87719,31424,360326,8.4,2299.3558721927125,14.423572744014734,24.64088397790055,32.77716390423573,28.158379373848984,37.80045196192564,223.31027870985415
Globeville,1.60000002,52.88389513,36.17977528,4.49438202,1.07365793,1.52309613,0.0,1.57303371,2.2721598,67917,33169,357600,23.8,751.305909734545,30.834035383319293,23.58887952822241,17.396798652064028,28.18028643639427,42.19725343320849,993.5081148564294
Goldsmith,2.5999999,10.42053707,72.45397737,9.54230704,0.59111637,2.0773518,0.0,0.10133423,4.81337612,58355,34910,482177,16.3,2958.0118052860153,5.037539355776217,18.067328651005084,38.21748607410995,38.67764591910874,2.7022462421888194,520.8579631818949
Hale,3.4000001,16.49816176,70.93290441,2.51608456,0.02297794,0.94209559,2.78033088,1.71185662,4.59558824,65976,54632,566476,7.16666667,3456.177544749267,5.110145361906189,8.661771317248613,24.591637943953245,61.636445376891956,4.71047794117647,382.8125
Hampden,3.0999999,15.61250641,64.30035879,9.98974885,0.0,5.37672988,0.0,0.7893388,3.93131727,67636,45918,396498,8.92,2669.4445384007963,5.704993563249543,13.62558438918626,29.62260315739549,51.04681889016871,6.45822655048693,391.49154279856486
Hampden South,3.5,16.13231248,70.88766599,7.99138653,0.34094987,1.91410456,0.0,0.08972365,2.64385692,72880,55124,463261,5.925,2218.6678695107635,2.803738317757009,16.900965993874184,22.58697871672033,57.70831697164848,24.10575427682737,348.9651872233521
Harvey Park,2.20000005,53.49856551,39.7513548,1.80108384,0.17532675,3.88109659,0.0,0.0,0.89257252,70368,30915,365957,10.5,2876.402926133029,16.174863387978142,31.42683667273831,23.570127504553735,28.828172434729808,33.4714695569015,255.5785782594836
Harvey Park South,2.4000001,47.960666,40.65258688,3.4975975,0.0670466,3.66521399,2.00022349,1.47502514,0.68164041,72535,37054,397863,10.0,2530.140239519255,19.75407218141169,20.53656978601086,26.972213350367298,32.73714468221016,55.983908816627554,297.5751480612359
Highland,3.0999999,18.4299431,73.10633001,0.61344239,1.80476529,1.92034139,0.0,0.2311522,3.8940256,103880,75904,605346,7.73333333,3770.002348737434,6.488464951197869,6.832298136645963,11.5905057675244,75.08873114463177,52.80938833570412,520.4480796586059
Hilltop,4.30000019,7.38239928,77.05379248,4.80531173,0.19131218,4.16385325,0.28134144,0.38262435,5.73936529,148315,104980,973008,3.5,1992.4761074033854,2.49607535321821,4.99215070643642,10.470957613814756,82.0408163265306,84.51496736439343,236.43934278640558
Indian Creek,3.5,12.7,63.8,9.375,0.375,6.6,0.0,0.0,7.15,79596,47314,316200,11.2,3170.72470067714,3.0331457160725455,11.882426516572858,28.424015009380867,56.66041275797373,5.25,172.75
Jefferson Park,3.0,26.40316206,63.24110672,2.55599473,0.0,2.7140975,0.0,0.0,5.085639,100154,86954,617037,13.1,2980.7721798558127,10.455680399500626,4.65043695380774,10.486891385767791,74.40699126092385,5.797101449275362,679.3148880105401
Kennedy,2.79999995,27.67037216,30.69115515,26.51039149,0.45915901,10.439826,0.0,0.0,4.22909618,60806,33128,0,7.8,2277.1200980407853,18.815987933634993,19.079939668174962,28.996983408748118,33.10708898944193,3.141614306428226,524.8912518124698
Lincoln Park,1.79999995,40.89247639,42.26317393,11.36155955,0.36551934,2.17788608,0.0,0.0,2.93938471,59198,42124,433333,25.1,1988.1784539036785,12.207792207792208,18.9010989010989,25.354645354645356,43.536463536463536,50.10660980810235,1229.6679865976241
Lowry Field,3.5,15.13705471,73.88747087,4.3502386,0.87670625,3.35145933,0.0,0.0,2.39707025,98354,73765,664779,7.85,1350.1032630799232,1.3805863933959577,11.443210930828352,15.200683176771989,71.97551949900371,49.60603706580846,438.0201975363445
Mar Lee,2.29999995,62.67784933,28.71798712,0.74135091,1.25056163,2.63591433,0.04493036,0.24711697,3.68428935,64838,24150,328193,17.05,3423.0258883933047,27.126492810138924,30.79454058006337,24.189617353156226,17.88934925664148,71.06484948330089,281.863112176127
Marston,3.5999999,16.9858039,69.72598217,0.75107296,0.08253549,9.42555299,0.0,0.47045229,2.5586002,78659,44471,378990,7.13333333,1476.9789710793864,3.990051903114187,15.9818339100346,32.64489619377163,47.38321799307958,23.44007923407065,186.28260151865302
Montbello,2.29999995,65.76904484,8.38285893,18.77612534,0.54027924,2.57343532,0.38388262,0.32701112,3.24736258,69801,19634,311076,11.22857143,2684.545496692767,28.85986316444189,30.773647193914165,26.582460169369888,13.784029472274053,38.47356897091023,286.5186111979981
Montclair,4.19999981,20.34247661,67.9720945,4.70905343,0.0,1.79166006,0.0,0.0,5.1847154,103667,65672,539454,5.4,2407.0976568583355,4.991051898985882,6.462517399085304,18.890435474249355,69.65599522767945,5.8664975424131915,432.37672427461547
North Capitol Hill,2.70000005,16.40849897,70.9252913,7.01850583,0.21932831,2.96093215,0.0,0.0,2.46744345,74235,62145,440000,12.23333333,7995.155759667728,2.0027945971122496,10.510790249961186,15.44791181493557,72.038503337991,12.748457847840987,1016.4496230294721
North Park Hill,3.0,12.0737407,50.04327506,25.53228319,0.25965034,1.29825169,0.25099533,0.96070625,9.58109746,118424,56874,567952,7.9,2987.514953601269,5.168269230769231,12.608173076923077,20.276442307692307,61.94711538461538,50.71836593387572,174.13882638047428
Northeast Park Hill,2.0999999,32.84493284,25.77422577,33.71073371,0.0999001,0.48840049,0.0,0.43290043,6.64890665,58524,31263,395432,17.6,1045.2322092912673,13.687469447612841,26.46244093205149,26.706860029330294,33.14322959100538,24.087024087024087,771.8947718947718
Overland,1.70000005,15.60347409,73.52500749,0.71877808,0.0,2.33602875,0.86852351,0.35938904,6.58879904,67885,55644,434000,8.7,1148.9741367689953,7.346491228070176,11.732456140350877,24.63450292397661,56.28654970760234,8.086253369272237,893.0817610062893
Platt Park,4.19999981,10.75154998,75.62377136,0.81657342,0.0,1.45168607,0.0,0.3024346,11.05398458,122567,73086,686172,6.75,3122.4329822017985,1.2407444466680007,5.603362017210326,14.728837302381429,78.42705623374025,44.306668682897325,351.27778617873884
Regis,2.4000001,24.97890295,66.35021097,1.54008439,0.2742616,2.89029536,1.16033755,0.0,2.80590717,86017,40183,466000,19.0,1799.2353368095019,6.115591397849462,23.823924731182796,22.547043010752688,47.513440860215056,5.063291139240507,324.0506329113924
Rosedale,3.9000001,18.50350166,70.43862882,5.23405824,0.40545522,2.83818651,0.0,0.0,2.58016955,89400,54712,593000,7.5,1859.7062974627884,3.6509349955476402,8.370436331255565,24.04274265360641,63.935886019590384,38.33394765941762,337.6336159233321
Ruby Hill,2.29999995,67.9971848,22.32053087,2.38286748,0.21114016,4.36356324,0.0,0.82445204,1.90026141,50000,26886,341032,19.2,2646.9766579484435,31.89742112087595,31.393171012822357,16.352110646880853,20.357297219420833,59.62195857631208,342.348682887593
Skyland,2.5999999,15.14177141,55.27623502,22.94650687,0.20461853,0.0,0.0,0.0,6.43086817,81462,52932,538700,10.7,1731.5922757491355,4.224352147674831,12.70855520056798,26.411075612353567,56.656017039403615,83.01666179479685,308.6816720257235
Sloan Lake,3.0999999,19.31619666,72.98477664,1.49737959,0.0,2.20863489,0.0,0.43673571,3.55627652,110343,67479,625925,14.73333333,2212.9806367561278,6.963155331926635,8.683655250770979,14.786560623275442,69.56662879402694,37.434489643124536,339.90516595957075
South Park Hill,4.0,10.55680721,72.23473876,7.47773844,0.11801309,3.54039266,0.53642313,0.16092694,5.37495977,140009,78446,754310,4.35,2416.4186547390727,2.267884322678843,6.468797564687975,14.885844748858448,76.37747336377473,33.365518721167255,256.4102564102564
Southmoor Park,3.5999999,6.33057851,82.72727273,3.33884298,0.26446281,3.80165289,0.0,0.0,3.53719008,85404,62985,535028,8.95,2508.3900255761896,1.820785597381342,7.508183306055646,19.005728314238954,71.66530278232406,3.140495867768595,340.3305785123967
Speer,3.20000005,8.95509932,83.81739276,1.17676515,0.0166917,2.19495911,0.0,0.25872142,3.58037056,73490,64413,464418,6.625,5421.504364023139,2.746893394375409,4.2791740633467255,17.985611510791365,74.9883210314865,6.676681689200467,500.9180437322651
Sun Valley,2.0999999,44.57193292,7.76699029,40.33539276,3.08914387,4.06001765,0.0,0.0,0.17652251,19650,7970,535700,77.7,681.5967678078233,33.9662447257384,41.35021097046413,14.345991561181433,10.337552742616033,91.79170344218889,1960.2824360105913
Sunnyside,2.4000001,41.22210516,47.67742553,4.92290011,0.66085624,2.20285413,0.09577627,0.49803659,2.72004597,80444,46448,499822,17.23333333,2833.569767243197,15.88896865278775,14.955731036133047,18.56903565446279,50.58626465661642,60.62637678383297,371.0372569677234
Union Station,4.19999981,9.31849791,79.50857673,0.60268892,0.0,8.19425127,0.0,0.0,2.37598516,94961,103118,732075,10.8,7599.28002089006,1.676489849377865,4.230517354289456,15.022920759659463,79.07007203667321,0.8113120074177098,1278.975428836347
University,3.5999999,10.20963515,76.9098972,3.79963717,0.82644628,4.1322314,0.0,0.18141504,3.94073775,101020,49072,588213,12.7,3076.4684208264657,1.3494567122327374,6.309148264984227,22.450052576235542,69.89134244654748,23.6847409796412,247.6315259020359
University Hills,3.5,9.65465465,78.10810811,4.00900901,0.33033033,3.34834835,0.0,0.3003003,4.24924925,94306,55542,451063,6.2,1773.042029858811,7.484045639141365,12.647456971572229,23.225681686327597,56.642815702958806,53.15315315315315,465.31531531531533
University Park,3.70000005,13.11881188,71.83428869,4.52058364,0.5601876,5.21104742,0.0,0.0,4.75508077,65663,63862,759215,14.5,2551.3252273792546,1.5320597692453186,7.508984301115945,21.127293361074333,69.8316625685644,34.78374153204794,372.5898905680042
Valverde,1.60000002,79.12881435,19.0542744,0.0,0.18634987,1.63056138,0.0,0.0,0.0,42236,20687,324000,19.8,1727.771443879781,28.63232682060391,35.66607460035524,21.49200710479574,14.209591474245114,7.91986955508968,574.1905427440018
Villa Park,1.60000002,68.46145163,26.48154419,2.7542612,0.6885653,0.4853821,0.0,0.0,1.12879558,43094,30582,349650,27.05,3461.850664407999,27.702362996480645,26.69683257918552,20.982068040891573,24.618736383442265,51.13443955299695,471.15927305564963
Virginia Village,2.5,18.19952973,66.27477326,8.04165267,0.50386295,2.85522338,0.16795432,0.30231777,3.65468593,71116,44837,476054,9.55,2960.804312941257,5.998233215547703,15.697879858657243,23.851590106007066,54.45229681978798,26.33523681558616,311.2529392005374
Washington Park,4.19999981,6.97069296,89.13996165,0.86277732,0.32867707,1.12298001,0.09586415,0.39715147,1.08189537,172933,107544,837921,5.25,1867.8230002378846,1.8626929217668973,6.120276742948376,8.958665957069362,83.05836437821537,71.62421254450835,241.4407011777595
Washington Park West,4.19999981,7.51828773,83.54104579,0.7992414,0.0,2.7363858,0.0,0.0,5.40503928,97920,70630,680135,6.35,3268.745501213359,1.5232674924673586,6.5952460662872445,12.855708068295948,79.02577837294945,29.802221620157137,388.3771335681387
Washington Virginia Vale,3.20000005,15.6751269,54.80879865,17.88155668,0.08798646,4.50084602,0.0,1.21827411,5.82741117,56282,38425,437046,13.175,3121.6442130260616,5.0513538748832865,16.937441643323996,24.827264239028946,53.183940242763775,36.41285956006768,360.13536379018615
Wellshire,4.0999999,16.03007519,82.37593985,0.0,0.0,1.32330827,0.27067669,0.0,0.0,138500,72657,771300,3.2,1383.64870880697,2.002503128911139,9.345014601585316,11.222361284939508,77.43012098456404,73.68421052631578,97.44360902255639
West Colfax,1.79999995,35.81744656,55.40150202,5.47852879,0.22145195,1.00134797,0.0,0.04814173,2.03158097,81517,60322,594483,9.625,3998.114475262782,7.201447527141133,17.599517490952955,20.965018094089263,54.23401688781665,48.04544579241286,759.5802041209321
West Highland,3.79999995,8.57113423,83.05346657,0.39147007,0.14422582,1.85433193,0.26784794,0.0,5.71752344,100303,72896,614838,6.45,3341.051113262424,1.1251758087201125,7.5182201764480245,25.827899245620767,65.5287047692111,27.093849799114043,348.61440197795406
Westwood,2.0,82.30825502,12.60480558,2.79669124,0.81593608,1.00725902,0.0,0.03939002,0.42766305,37824,16674,287424,30.025,4587.971071522614,38.330961577556415,36.287863386867244,16.070339499898353,9.310835535677983,38.658488548759216,348.545382927241
Whittier,2.9000001,22.07385771,56.01919466,14.62549551,0.73023159,3.10870019,0.04172752,0.0,3.40079282,110313,58190,516200,10.1,3288.937012285344,6.426155580608793,9.977452085682074,17.531003382187148,66.06538895152198,13.97871896515752,445.0239933235969
Windsor,2.29999995,23.52900552,50.11049724,17.08563536,0.0,4.04696133,0.0,0.69060773,4.53729282,47684,36506,221983,16.975,3273.1543304823235,7.410963687150838,19.718924581005588,30.18505586592179,42.68505586592179,0.0,277.9696132596685
