OBJECTID,Neighborhood Name,Total Population All,Hispanic or Latino,White,Black,Native American,Asian,Hawaiian/Pacific Islander,Other Race,Two or More,Percent Hispanic,Percent White,Percent Black,Percent Native American,Percent Asian,Percent Hawaiian/Pacific Islander,Percent Other Race,Percent Two or More Races,MALE,FEMALE,Age Less Than 5,Age 5 to 9,Age 10 to 14,Age 15 to 17,Age 0 to 9,Age 10 to 19,Age 20 to 29,Age 30 to 39,Age 40 to 49,Age 50 to 59,Age 60 to 69,Age 70 to 79,Age Over 80,Age Less than 18,Age Over 65,Percent Age Less Than 18,Percent Age Over 65,Median Age All,Median Age Male,Median Age Female,Total Population 3 or Higher,Enrolled in School,Nursery or Preschool,KINDERGARTEN,Grades 1 to 4,Grades 5 to 8,Grades 9 to 12,College Undergraduate,Graduate School,Not Enrolled,Total Commuters,Commute Less than 15 Minutes,Commute 15 to 30 Minutes,Commute 30 to 45 Minutes,Commute 45 to 60 Minutes,Commute Over 60 Minutes,Total Population Over 25,Less Than HS Diploma,HS Graduate or Equivalent,Some College or AA,Bachelors or Higher,Total Population 5 and Over,Only English,Spanish,Total Housing Units,Occupied Housing Units,Vacant Housing Units,Owner Occupied Housing Units,Renter Occupied Housing Units,Total Households,Family Households,Married Couple Family,Other Family,Male Householder No Wife Present,Female Householder No Husband Present,Non Family Household,Householder Alone,Householder Not Alone,Household Income Less 10000,Household Income 10000 to 14999,Household Income 15000 to 19999,Household Income 20000 to 24999,Household Income 25000 to 29999,Household Income 30000 to 34999,Household Income 35000 to 39999,Household Income 40000 to 44999,Household Income 45000 to 49999,Household Income 50000 to 59999,Household Income 60000 to 74999,Household Income 75000 to 99999,Household Income 100000 to 124999,Household Income 125000 to 149999,Household Income 150000 to 199999,Household Income Over 200000,Median Household Income,Median Family Income,Per Capita Income,Average Household Income,Average Family Income,Median Earnings,Median Earnings Male,Median Earnings Female,Median Earnings Less HS,Median Earnings HS,Median Earnings Some College,Median Earnings Bachelor,Median Earnings Graduate,Median Year Built,Built 2014 or Later,Built 2010 to 2013,Built 2000 to 2009,Built 1990 to 1999,Built 1980 to 1989,Built 1970 to 1979,Built 1960 to 1969,Built 1950 to 1959,Built 1940 to 1949,Built 1939 or Earlier,Median Contract Rent,Median Gross Rent,Median Home Value,Native Born,Foreign Born FB,Europe FB,Northern Europe FB,Western Europe FB,Southern Europe FB,Eastern Europe FB,Asia FB,Eastern Asia FB,South Central Asia FB,South Eastern Asia FB,Western Asia FB,Africa FB,Eastern Africa FB,Middle Africa FB,Southern Africa FB,Western Africa FB,Oceania FB,Americas FB,Latin America FB,Carribean FB,Central America FB,South America FB,North America FB,Percent Living in Poverty,Percent Families in Poverty,GlobalID,Shape__Area,Shape__Length
157,Capitol Hill,16120,2161,11919,518,0,685,0,0,837,13.4057072,73.93920596,3.2133995,0,4.24937965,0,0,5.19230769,8946,7174,91,24,83,52,115,199,5105,5104,2190,1552,1245,500,110,250,1666,1.55086849,10.33498759,34.65693574,36.06857143,32.94140625,16053,1616,0,0,24,58,85,893,556,14437,10668,2956,4108,2447,635,522,14747,522,1457,3129,9639,16029,14747,812,12488,11879,609,2831,9048,11879,1435,1214,221,71,150,10444,8174,2270,528,476,425,556,446,731,496,690,409,949,1598,1365,774,569,1299,568,62192,89172,57422,78564,128750,49134,56624,42961,0,36133,45074,57032,62225,1956.58568647,0,640,445,482,506,1362,2258,2054,718,4023,952,958,339727,14891,1229,301,16,73,17,195,420,80,223,101,16,41,22,0,19,0,0,467,385,52,251,82,82,9.61666667,1.61030596,41ee2bab-cf4d-4ebe-b372-a6d40cf5714a,18856390.1831055,17422.1920791094
158,University Park,7676,1007,5514,347,43,400,0,0,365,13.11881188,71.83428869,4.52058364,0.5601876,5.21104742,0,0,4.75508077,3575,4101,221,270,464,180,491,802,1958,1102,989,958,630,456,290,1135,1505,14.78634706,19.60656592,34.79401089,36.47356143,32.44117647,7586,2312,97,80,233,363,188,993,358,5274,3490,1052,1475,601,233,129,5287,81,397,1117,3692,7455,6508,512,4186,3765,421,1591,2174,3765,1380,1231,149,39,110,2385,1708,677,268,198,67,66,166,54,168,199,141,426,343,430,106,212,233,688,65663,177094,63862,129374,229716,43214,47352,40451,14488,41821,19490,57196,78484,1966.69314079,36,533,720,141,180,270,831,756,326,393,989,1004,759215,7041,635,52,9,0,0,43,269,182,35,52,0,133,0,99,0,34,0,181,149,0,95,54,32,14.5,4.48598706,41372515-ad70-4ca5-a802-644e1b777195,32457222.7524414,22642.3246679695
159,North Park Hill,11554,1395,5782,2950,30,150,29,111,1107,12.0737407,50.04327506,25.53228319,0.25965034,1.29825169,0.25099533,0.96070625,9.58109746,5393,6161,769,611,770,484,1380,1563,831,2879,1889,1045,807,889,271,2634,2316,22.79729964,20.04500606,36.26154915,35.02743902,37.5598717,11082,2305,172,191,422,576,628,185,131,8777,5782,806,3075,1199,408,294,8320,430,1049,1687,5154,10785,9822,537,4465,4454,11,3739,715,4454,3041,2083,958,263,695,1413,918,495,132,65,53,27,160,127,35,48,162,287,335,513,384,443,644,1039,118424,138610,56874,144099,155118,64877,69633,61711,53398,20841,45182,80458,96848,1943.60332103,0,6,104,38,33,123,218,898,1355,1690,1187,1257,567952,10969,585,61,11,0,0,50,153,74,29,31,19,21,21,0,0,0,0,350,300,0,256,44,50,7.9,8.06491927,878595f7-22a5-48af-b257-768afe4328da,41580737.1923828,28843.3193145107
160,College View - South Platte,8225,5493,1479,447,45,693,0,41,27,66.78419453,17.98176292,5.43465046,0.54711246,8.42553191,0,0.49848024,0.32826748,4485,3740,843,737,655,338,1580,1224,1190,1434,996,685,752,200,164,2573,1002,31.28267477,12.18237082,31.1,29.3,31.5,7755,2009,134,188,523,119,596,264,185,5746,4244,681,1221,1912,132,298,4957,1318,1711,1275,653,7382,2439,4106,2757,2606,151,1203,1403,2606,2057,1224,833,278,555,549,404,145,173,36,79,81,85,125,67,83,66,351,138,565,156,164,111,326,76827,66982,26219,89091,74565,37254,39551,33135,34849,28750,47113,30366,0,1975,0,22,492,132,373,730,334,238,327,109,1287,1312,342900,5180,3045,50,37,0,0,13,724,26,46,541,111,122,122,0,0,0,0,2149,2149,0,2149,0,0,13.5,10.01458435,5834aa0b-18ce-4e17-ac38-e83db2e8f39c,40683407.1235352,47247.3796486793
161,Harvey Park South,8949,4292,3638,313,6,328,179,132,61,47.960666,40.65258688,3.4975975,0.0670466,3.66521399,2.00022349,1.47502514,0.68164041,4578,4371,539,384,584,385,923,1202,976,1524,944,1576,999,430,375,1892,1441,21.14202704,16.10235781,38.11122047,36.44776119,41.60169492,8674,1927,157,87,275,411,665,231,101,6747,3767,698,1451,1016,405,197,6262,1237,1286,1689,2050,8410,6380,1418,3675,3556,119,2104,1452,3556,1992,1292,700,241,459,1564,1263,301,323,127,252,14,160,46,53,72,96,228,487,392,531,207,333,235,72535,101141,37054,99560,120838,45466,52128,34382,13125,15500,47342,71608,70362,1957.60841507,0,52,72,248,296,528,342,1937,76,124,998,1001,397863,8054,895,39,0,0,0,39,336,5,109,222,0,0,0,0,0,0,34,486,486,0,456,30,0,10,9.47509281,9e66a907-6c5a-406d-8082-b9042d3be160,37774962.5029297,26669.2667622123
162,Regis,4740,1184,3145,73,13,137,55,0,133,24.97890295,66.35021097,1.54008439,0.2742616,2.89029536,1.16033755,0,2.80590717,2032,2708,288,124,128,108,412,755,986,844,480,380,487,364,32,648,876,13.67088608,18.48101266,33.3,33.7,32.4,4520,1655,57,12,105,122,133,1146,80,2865,1993,510,912,329,130,112,2976,182,709,671,1414,4452,3925,283,1808,1735,73,1155,580,1735,828,708,120,23,97,907,607,300,104,114,26,23,66,9,15,148,94,100,81,177,177,138,263,200,86017,121667,40183,105564,135703,56125,56214,56036,44306,36791,46318,67679,92569,1955,0,95,32,108,108,173,209,383,55,645,1202,1286,466000,4431,309,141,8,13,9,111,133,87,0,46,0,9,9,0,0,0,0,26,26,0,18,8,0,19,8.57487923,7af81307-dd6c-491f-b439-715cfe834cb4,28463561.2729492,30889.9809368388
163,Wellshire,3325,533,2739,0,0,44,9,0,0,16.03007519,82.37593985,0,0,1.32330827,0.27067669,0,0,1624,1701,121,265,156,205,386,463,181,297,374,624,397,341,262,747,1170,22.46616541,35.18796992,47.7,47.8,47,3287,883,93,46,211,114,258,131,30,2404,1326,299,517,388,57,65,2397,48,224,269,1856,3204,2816,324,1406,1300,106,1216,84,1300,1055,912,143,75,68,245,240,5,12,0,0,37,0,31,17,26,32,91,83,151,85,151,138,446,138500,152443,72657,184860,205626,73090,93854,55139,0,0,54531,93750,80893,1957,0,30,18,19,16,199,130,971,15,8,1921,2097,771300,3133,192,42,8,0,9,25,27,27,0,0,0,0,0,0,0,0,0,123,99,0,99,0,24,3.2,2.08530806,79655cab-7625-444d-8922-94ac25f6531b,25886135.1513672,21790.0431497576
164,Platt Park,6613,711,5001,54,0,96,0,20,731,10.75154998,75.62377136,0.81657342,0,1.45168607,0,0.3024346,11.05398458,3196,3417,619,541,238,41,1160,291,764,1534,1049,788,619,256,152,1439,829,21.76016936,12.53591411,36.40384615,37.82832618,35.21137725,6259,1547,374,151,246,238,41,155,342,4712,2908,766,993,910,152,87,4997,62,280,736,3919,5994,5549,185,3120,2968,152,1915,1053,2968,1659,1373,286,68,218,1309,811,498,203,45,0,63,6,94,23,89,43,115,164,342,329,192,309,951,122567,163950,73086,165258,196550,75204,89610,55268,0,20254,57580,71861,95642,1939,0,399,258,8,64,15,60,267,101,1948,1248,1353,686172,6299,314,137,91,46,0,0,85,61,11,13,0,0,0,0,0,0,16,76,48,0,3,45,28,6.75,5.22476842,bfc918cf-fcc1-4149-9f0b-a83b83f52f02,22829682.8676758,20004.9409061011
165,Highland,11248,2073,8223,69,203,216,0,26,438,18.4299431,73.10633001,0.61344239,1.80476529,1.92034139,0,0.2311522,3.8940256,5470,5778,418,306,339,204,724,635,3093,3377,1538,844,520,228,289,1267,954,11.26422475,8.48150782,33.12348238,34.15466984,32.10141509,10904,1387,59,76,186,263,316,229,258,9517,5789,1225,2561,1316,488,199,9016,585,616,1045,6770,10830,9483,1022,6271,6004,267,2241,3763,6004,1723,1258,465,222,243,4281,2734,1547,267,30,132,251,84,163,89,160,184,485,322,765,451,720,662,1239,103880,134353,75904,139115,160120,63256,77178,56962,18604,13716,51345,77097,96036,1994.34940945,31,1944,898,508,231,229,124,308,250,1748,1188,1190,605346,10550,698,110,13,48,9,40,103,85,12,6,0,16,16,0,0,0,0,469,377,0,355,22,92,7.73333333,1.51511391,859afb78-8053-4562-b4cb-a71c7010d026,32144178.4057617,23553.6490890724
166,Union Station,8628,804,6860,52,0,707,0,0,205,9.31849791,79.50857673,0.60268892,0,8.19425127,0,0,2.37598516,4846,3782,2,59,38,49,61,109,2713,2163,702,1008,1000,513,359,148,1656,1.71534539,19.19332406,35.95423024,36.92503536,34.12149533,8628,806,2,11,48,38,49,252,406,7822,4870,1161,1939,1097,440,233,7635,128,323,1147,6037,8626,7923,262,7031,5605,1426,1551,4054,5605,1402,1188,214,192,22,4203,2966,1237,221,174,141,56,41,34,141,106,159,346,605,975,439,373,473,1321,94961,154167,103118,157360,236543,70918,78000,54864,0,13659,50931,71168,129971,2006.88520408,47,3054,1764,431,517,353,32,91,61,681,1268,1317,732075,7802,826,120,39,17,30,34,472,317,105,50,0,0,0,0,0,0,18,216,199,0,118,81,17,10.8,3.63465679,89fca4f2-bef9-4ac3-882e-81ccc10329e7,12227317.4560547,14662.8780659439
167,Cory - Merrill,4215,213,3572,15,3,240,0,6,166,5.05338078,84.74495848,0.35587189,0.07117438,5.69395018,0,0.14234875,3.93831554,2215,2000,286,292,229,154,578,477,269,881,598,421,568,334,89,961,821,22.7995255,19.47805457,39,38.7,39.6,4038,1036,130,67,225,171,194,167,82,3002,1528,538,588,265,62,75,3030,21,202,437,2370,3929,3539,114,1783,1704,79,1403,301,1704,1132,1003,129,50,79,572,412,160,43,13,0,32,0,56,31,8,10,65,108,94,220,169,323,532,150441,182174,82192,201440,239710,95000,115387,73007,0,0,60769,109363,79659,1954,0,139,317,38,105,16,61,362,469,276,1942,1995,723700,3927,288,124,45,30,9,40,137,40,73,24,0,11,0,0,11,0,0,16,16,0,0,16,0,5.2,1.41342756,59147e6e-a55b-4114-85de-0f33288e81f4,23524283.9599609,20004.758842452
168,Montbello,35167,23129,2948,6603,190,905,135,115,1142,65.76904484,8.38285893,18.77612534,0.54027924,2.57343532,0.38388262,0.32701112,3.24736258,18109,17058,2313,2831,3253,2223,5144,6794,4930,4839,5502,3668,2298,1426,566,10620,3942,30.19876589,11.20937242,31.33075015,31.49151584,31.13580247,33783,10024,276,400,2485,2621,2565,1538,139,23759,15008,2740,5473,3954,1012,1829,20901,6032,6432,5556,2881,32854,14220,17432,9934,9746,188,6162,3584,9746,7516,5326,2190,813,1377,2230,1732,498,365,255,449,279,380,386,314,426,430,929,1010,1254,1557,845,677,190,69801,75625,19634,69710,72740,32698,37019,27731,29295,28899,33918,34949,26002,1978.53888889,0,188,937,1661,2015,3240,1470,345,46,32,965,982,311076,25400,9767,100,0,70,0,30,828,81,103,624,20,180,124,0,0,22,109,8550,8550,86,8229,235,0,11.22857143,10.40948345,8837f437-b299-4767-8f5d-18580bf37782,141895652.575195,49384.8563404692
169,Kennedy,4138,1145,1270,1097,19,432,0,0,175,27.67037216,30.69115515,26.51039149,0.45915901,10.439826,0,0,4.22909618,2372,1766,179,106,30,145,285,319,1283,926,659,246,420,0,0,460,78,11.11648139,1.88496858,31.7,31.3,32.4,4009,836,31,58,48,30,272,289,108,3173,2774,302,1273,636,492,71,2652,499,506,769,878,3959,1857,651,2308,2077,231,0,2077,2077,592,437,155,80,75,1485,1025,460,57,99,39,80,69,112,124,147,97,171,332,532,116,0,102,0,60806,68947,33128,63433,74059,37026,45923,35057,30913,37410,25815,39195,60607,1977,0,233,177,213,235,1051,233,118,48,0,1328,1387,0,2552,1586,12,0,12,0,0,443,159,187,8,89,743,573,0,0,159,0,388,388,0,184,204,0,7.8,2.19594595,5db222ed-860f-49c0-8aa7-3747b53a4f91,19574515.8930664,23535.5107932446
170,Hale,8704,1436,6174,219,2,82,242,149,400,16.49816176,70.93290441,2.51608456,0.02297794,0.94209559,2.78033088,1.71185662,4.59558824,4541,4163,439,247,683,124,686,864,1457,2053,1450,880,713,383,218,1493,1346,17.15303309,15.46415441,35.89624939,36.20976253,35.50709607,8407,1962,121,101,154,567,251,280,488,6445,4708,832,2324,1077,302,173,6673,341,578,1641,4113,8265,7321,317,4969,4594,375,1913,2681,4594,1740,1150,590,168,422,2854,2297,557,214,172,146,229,140,219,162,94,187,528,517,489,431,225,380,461,65976,110046,54632,109765,156054,48292,48317,48269,27022,27334,34196,67603,77320,1960.48454158,0,619,49,221,262,446,938,707,734,993,958,964,566476,7855,849,290,73,88,15,114,182,14,53,10,97,18,0,0,0,0,176,183,170,0,81,89,13,7.16666667,6.28378401,e8c8c643-44ca-409f-9133-ce9238ece1df,27014487.5517578,20865.5712657436
171,Sunnyside,10441,4304,4978,514,69,230,10,52,284,41.22210516,47.67742553,4.92290011,0.66085624,2.20285413,0.09577627,0.49803659,2.72004597,4932,5509,457,430,565,232,887,950,1698,2497,1574,1093,870,661,211,1684,1771,16.1287233,16.96197682,36.07509011,37.51539069,34.59146341,10140,1728,131,53,370,431,313,173,257,8412,5233,936,2482,974,569,272,8358,1328,1250,1552,4228,9984,7798,1964,4974,4706,268,2659,2047,4706,2470,1565,905,261,644,2236,1484,752,421,150,131,108,107,138,359,65,139,268,369,450,554,324,546,577,80444,82500,46448,102643,116765,48052,50522,44747,21154,33835,38400,68992,73795,1944.8592437,0,245,53,59,216,296,439,960,476,2230,941,968,499822,9308,1133,48,35,0,0,13,172,32,6,134,0,64,47,0,17,0,0,849,826,11,747,68,23,17.23333333,14.39255198,d173bdf4-fcb2-476b-9f4d-ad39144e57ec,39448350.2553711,25651.296761154
172,Skyland,3421,518,1891,785,7,0,0,0,220,15.14177141,55.27623502,22.94650687,0.20461853,0,0,0,6.43086817,1518,1903,312,41,74,0,353,86,518,935,399,452,336,220,122,427,688,12.48173049,20.11107863,36.7,36.7,36.7,3238,511,123,13,13,86,0,154,122,2727,1720,355,892,319,13,141,2817,119,358,744,1596,3109,2760,334,1629,1561,68,1029,532,1561,878,635,243,78,165,683,513,170,188,54,43,15,28,0,67,84,30,70,136,142,104,89,276,235,81462,106250,52932,113136,128201,54876,60244,54423,0,37250,55561,79821,54250,1948,0,169,0,0,18,55,48,471,296,572,1637,1714,538700,3107,314,16,0,0,0,16,0,0,0,0,0,0,0,0,0,0,0,298,298,0,231,67,0,10.7,9.90888383,e3e6e41e-fc19-4039-8239-65b5fe4a6543,21323492.5043945,18922.528211501
173,Windsor,14480,3407,7256,2474,0,586,0,100,657,23.52900552,50.11049724,17.08563536,0,4.04696133,0,0.69060773,4.53729282,6963,7517,548,619,455,332,1167,900,2065,2136,1847,1618,1663,1870,1214,1954,5582,13.49447514,38.54972376,44.73632918,43.5041365,46.09034091,14098,1983,81,100,559,389,395,278,181,12115,6194,1032,2439,2047,346,330,11456,849,2259,3458,4890,13932,9959,2327,8742,8230,512,3760,4470,8230,2733,1774,959,198,761,5497,4521,976,863,434,457,522,430,434,394,428,285,781,864,1072,511,351,266,138,47684,56805,36506,61743,79573,34337,41136,27623,8120,28046,29658,36098,26375,1976.63216958,0,245,380,1547,1566,2406,1936,594,27,41,965,976,221983,11414,3066,259,13,72,15,159,696,80,216,124,276,760,443,14,0,279,11,1340,1283,0,735,548,57,16.975,18.64902125,5ddfb2ed-484a-40d3-98b8-fa02832c6c19,47841646.6225586,38135.7664454325
174,Cheesman Park,8948,410,7711,276,27,133,0,9,382,4.5820295,86.17568172,3.08448815,0.30174341,1.48636567,0,0.10058114,4.26911042,4544,4404,11,206,96,34,217,175,2252,2391,954,959,1253,586,161,347,1766,3.87796156,19.73625391,36.88833124,37.38732394,36.31536388,8948,930,54,0,163,78,71,151,413,8018,5264,1158,2513,1038,330,225,8091,29,444,1597,6021,8937,8545,99,5916,5539,377,1523,4016,5539,1439,1193,246,66,180,4100,2956,1144,221,207,239,103,241,212,222,260,255,476,672,519,349,485,506,572,67444,130826,63876,100683,154377,49433,49908,49092,0,16265,34114,51928,69379,1962.62695458,0,253,86,227,498,943,1343,348,261,1957,972,981,446774,8533,415,68,14,39,0,15,186,45,29,24,88,0,0,0,0,0,25,136,54,27,12,15,82,8.46666667,0.96839959,3d1b3666-c97b-4034-8213-7fd9ded1d8a6,14683979.3266602,15309.7466555388
175,City Park West,5426,793,3518,803,12,108,0,0,192,14.61481755,64.83597494,14.79911537,0.22115739,1.99041651,0,0,3.53851825,2574,2852,384,222,81,26,606,123,1250,1347,693,491,548,277,91,713,774,13.14043494,14.26465168,34.90423163,36.38109306,33.4119403,5219,754,66,30,134,28,39,247,210,4465,2535,746,1024,556,112,97,4466,229,707,769,2761,5042,4493,422,3333,2964,369,917,2047,2964,795,656,139,21,118,2169,1741,428,348,239,95,105,148,105,43,123,82,106,153,272,208,188,364,385,68627,154891,54228,102104,172418,55553,70312,50811,0,34810,18380,66933,90802,1961.81974922,64,296,425,201,201,225,319,147,162,1293,928,931,644680,5171,255,29,0,16,0,13,66,65,0,1,0,25,9,0,0,0,0,135,132,0,132,0,3,13.85,6.29459735,b62b3210-49e9-485d-9603-48da30668dd3,14913141.6674805,15429.0401214536
176,Northeast Park Hill,9009,2959,2322,3037,9,44,0,39,599,32.84493284,25.77422577,33.71073371,0.0999001,0.48840049,0,0.43290043,6.64890665,4269,4740,417,706,777,262,1123,1198,1355,1835,1054,813,977,234,420,2162,1166,23.998224,12.94261294,34.06348774,31.39090909,36.84,8747,2396,144,47,601,634,411,432,127,6351,3601,504,1672,969,284,172,6137,840,1624,1639,2034,8592,6522,1932,3538,3419,119,1775,1644,3419,1824,816,1008,239,769,1595,1237,358,250,143,167,133,119,162,219,112,78,383,395,545,235,141,134,203,58524,63750,31263,79348,81956,39538,42203,37446,43484,26206,39768,61398,71750,1957.48519481,0,340,389,123,101,266,226,1925,141,27,962,981,395432,7947,1062,66,42,0,0,24,52,12,0,0,40,76,23,18,0,0,0,868,868,7,861,0,0,17.6,15.02564615,12eeafa0-f80a-4ea1-962a-645017095b9f,92814939.2900391,42179.1548565313
177,Mar Lee,13354,8370,3835,99,167,352,6,33,492,62.67784933,28.71798712,0.74135091,1.25056163,2.63591433,0.04493036,0.24711697,3.68428935,6841,6513,1385,720,1341,550,2105,2317,1773,2494,1609,1169,1129,474,284,3996,1318,29.92361839,9.86970196,31.7393745,31.75081566,31.7283123,12405,3625,272,201,545,1184,737,592,94,8780,5682,798,1832,2315,311,426,8206,2226,2527,1985,1468,11969,6971,4669,4376,4221,155,2328,1893,4221,2938,1912,1026,333,693,1283,897,386,278,282,158,170,220,209,100,99,95,315,572,653,418,331,241,80,64838,71796,24150,73169,79490,35886,42718,29271,34804,41034,36038,43592,85030,1955.91289669,0,58,0,90,220,466,338,2962,121,121,945,958,328193,10560,2794,45,0,45,0,0,258,0,0,258,0,0,0,0,0,0,0,2491,2491,11,2468,12,0,17.05,15.87551764,21048377-b790-47e7-9f45-75f41f51f3b3,42024874.972168,26474.258908914
178,Sun Valley,1133,505,88,457,35,46,0,0,2,44.57193292,7.76699029,40.33539276,3.08914387,4.06001765,0,0,0.17652251,553,580,155,168,167,123,323,323,54,299,29,40,34,15,16,613,52,54.10414828,4.58958517,16.8,12.8,30.8,1058,546,67,16,154,128,141,40,0,512,276,72,114,40,0,50,474,161,196,68,49,978,709,92,422,383,39,36,347,383,325,75,250,7,243,58,58,0,124,21,50,101,35,29,0,0,0,0,0,0,23,0,0,0,19650,20292,7970,22163,23720,16350,27552,11750,18015,16450,2499,0,0,1952,0,0,0,0,7,61,70,95,110,79,193,239,535700,996,137,1,0,0,1,0,27,0,0,27,0,91,19,55,0,17,0,18,18,0,18,0,0,77.7,75.38461538,4b18d3ad-b054-43db-bba5-084b203f6c4e,17767595.6411133,20961.7414355745
179,DIA,2314,356,604,951,0,208,0,0,195,15.38461538,26.1019879,41.09766638,0,8.98876404,0,0,8.42696629,1042,1272,90,280,115,189,370,333,491,461,287,223,86,63,0,674,141,29.12705272,6.09334486,28.32179226,30.17910448,27.73195876,2237,777,48,19,226,106,198,90,90,1460,1239,56,611,362,122,88,1400,78,273,598,451,2224,1913,164,867,867,0,439,428,867,545,233,312,37,275,322,234,88,6,0,98,19,48,5,16,110,34,103,86,156,86,33,13,54,59465,59799,13678,36734,35300,36188,41494,32234,0,20570,17742,23800,29514,2005.10928433,28,182,517,132,0,8,0,0,0,0,1029,1058,247085,2032,282,0,0,0,0,0,53,4,0,35,14,145,103,0,0,42,0,84,84,0,84,0,0,6.85,14.31192661,f10ed84a-0a47-44ef-a39d-fcd94a375f59,1180863586.66406,198785.286802624
180,Civic Center,2812,480,1921,252,13,101,0,0,45,17.06970128,68.314367,8.96159317,0.46230441,3.59174964,0,0,1.6002845,1500,1312,66,4,0,0,70,18,797,969,160,384,299,88,27,70,311,2.48933144,11.05974395,33.8,35.1,32.2,2771,323,25,0,4,0,18,107,169,2448,1330,358,560,321,42,49,2413,6,318,482,1607,2746,2421,110,2016,1875,141,438,1437,1875,411,352,59,30,29,1464,1067,397,101,76,27,35,67,40,21,63,29,81,174,213,149,163,282,354,102520,184097,93375,139037,188116,89119,105098,65868,0,78849,75924,89406,125317,2007,0,824,605,278,119,26,45,14,0,105,1906,1959,690600,2645,167,76,27,0,12,37,63,26,18,9,10,0,0,0,0,0,0,28,6,0,0,6,22,8.9,5.10948905,dddfafdc-6f10-4f34-a4d9-6adb663469d2,8472190.22167969,13889.8754441495
181,Rosedale,2713,502,1911,142,11,77,0,0,70,18.50350166,70.43862882,5.23405824,0.40545522,2.83818651,0,0,2.58016955,1274,1439,183,68,91,19,251,110,689,573,364,210,254,123,139,361,422,13.30630299,15.55473645,34.3,36,33.2,2664,357,42,36,41,82,19,43,94,2307,1371,219,723,260,142,27,2246,82,188,540,1436,2530,2207,210,1489,1400,89,670,730,1400,489,425,64,57,7,911,624,287,52,0,16,63,33,46,113,20,21,124,112,151,136,64,299,150,89400,128393,54712,109105,146813,65087,71774,57036,0,0,36250,68988,80385,1952,0,87,10,17,112,95,195,300,305,368,1633,1671,593000,2534,179,37,6,11,0,20,40,0,0,24,16,0,0,0,0,0,0,102,102,24,62,16,0,7.5,0,c29123cd-ceb0-4780-a447-0ff567a1f531,15502773.6357422,15821.018868287
182,North Capitol Hill,7295,1197,5174,512,16,216,0,0,180,16.40849897,70.9252913,7.01850583,0.21932831,2.96093215,0,0,2.46744345,3509,3786,80,23,20,41,103,61,2897,1989,1014,306,480,332,113,164,726,2.24811515,9.95202193,32.65384615,33.6135159,31.38623104,7230,760,0,23,0,20,41,226,450,6470,4370,1008,2188,778,264,132,6441,129,677,995,4640,7215,6509,421,5240,4921,319,596,4325,4921,616,474,142,21,121,4305,3077,1228,340,270,125,298,102,99,168,141,80,381,481,756,504,232,523,421,74235,120333,62145,90843,142129,61069,66119,57454,0,7957,39368,74145,75295,1991.6373494,0,1076,865,830,302,251,210,128,82,1496,1009,1036,440000,6675,620,137,47,0,0,90,120,99,0,21,0,67,34,0,0,33,0,296,241,9,137,95,55,12.23333333,0,75ee95fe-2b9a-4689-9476-2b01dccfcd70,9830286.26855469,12636.8801029296
183,Berkeley,9130,1878,6816,77,10,193,0,0,156,20.56955093,74.65498357,0.84337349,0.10952903,2.11391019,0,0,1.70865279,4403,4727,644,491,258,208,1135,583,932,2310,1425,1118,955,556,116,1601,1671,17.53559693,18.30230011,37.46103896,38.32772021,36.58984375,8669,1498,148,82,348,193,255,342,130,7171,4028,799,1764,990,386,89,7289,233,886,1129,5041,8486,7133,1008,4495,4336,159,2958,1378,4336,2112,1730,382,127,255,2224,1500,724,358,63,115,151,64,46,112,122,43,83,143,537,606,269,757,867,113655,161306,66874,142390,187282,76365,77402,75447,12982,43078,54816,84440,87018,1942.43862275,17,771,177,28,117,167,166,561,334,2157,1052,1118,636585,8573,557,182,84,8,51,39,135,0,32,91,12,57,0,0,17,40,21,162,138,0,138,0,24,8.5,5.0644023,29ce5737-9a03-4896-9a62-a29ce50aeba9,41738709.3496094,26744.5271842389
184,Valverde,4293,3397,818,0,8,70,0,0,0,79.12881435,19.0542744,0,0.18634987,1.63056138,0,0,0,2148,2145,323,187,374,217,510,709,459,740,512,463,621,224,55,1101,846,25.64640112,19.70649895,37.3,30.1,40.8,4127,911,26,45,185,210,333,112,0,3216,1538,424,607,372,122,13,2815,806,1004,605,400,3970,1564,2254,1629,1537,92,652,885,1537,1120,770,350,54,296,417,345,72,74,321,101,82,26,17,84,115,107,109,69,181,108,77,28,38,42236,44653,20687,56159,58311,38972,39906,37635,33304,38301,40345,43247,56083,1959,0,0,12,75,97,133,482,292,393,145,0,618,324000,2970,1323,77,0,0,0,77,30,0,0,30,0,0,0,0,0,0,0,1216,1216,0,1199,17,0,19.8,35.53571429,88a9982a-9193-4dec-9ab4-7537e61e113f,26766096.8037109,22063.8137717536
185,East Colfax,10645,3173,3899,2246,26,808,0,11,482,29.80742132,36.62752466,21.09910756,0.24424612,7.59041804,0,0.1033349,4.52794739,5598,5047,615,597,631,434,1212,1494,1638,2365,1583,1213,766,278,96,2277,938,21.3903241,8.81164866,33.72367865,32.24543611,34.78063814,10219,2730,142,121,427,596,645,671,128,7489,5241,1020,1961,1447,437,376,7204,1268,1383,2026,2527,10030,6519,1722,4782,4467,315,1533,2934,4467,2412,1503,909,215,694,2055,1454,601,228,298,132,145,198,224,133,227,170,353,393,1010,249,285,329,93,64790,63498,35141,79476,81635,37325,38652,35975,29482,19198,37932,58438,72812,1957.83078603,0,100,296,83,498,698,597,916,1111,483,955,981,364352,8070,2575,110,49,7,0,54,765,33,195,511,26,887,675,19,84,109,0,813,813,0,604,209,0,17,13.94763314,da2788fb-2046-4a7c-8f6d-5353b64c7a09,29815258.2836914,23789.6432308306
186,Bear Valley,8176,2493,4668,448,70,334,0,15,148,30.49168297,57.09393346,5.47945205,0.85616438,4.0851272,0,0.1834638,1.81017613,3998,4178,491,376,363,181,867,648,1568,1136,719,1034,814,853,537,1411,2139,17.25782779,26.16193738,37.96214789,37.64328358,38.42060086,7821,1456,36,58,303,365,193,412,89,6365,3743,831,1362,889,391,270,6196,467,1487,1593,2649,7685,6230,899,3866,3634,232,2382,1252,3634,1900,1322,578,181,397,1734,1309,425,81,45,147,77,86,226,359,312,145,213,342,561,283,338,239,180,65526,84291,39660,89612,111382,42771,53099,32241,0,37172,44644,47966,67973,1972.54334471,0,130,335,48,369,1465,1383,73,16,47,968,986,389212,7224,952,220,13,38,0,169,288,72,53,163,0,0,0,0,0,0,0,444,440,0,440,0,4,6.85,4.29065988,64ecad1d-0919-4e96-bd16-25413816095a,37634307.2241211,35161.4077307616
187,Sloan Lake,8014,1548,5849,120,0,177,0,35,285,19.31619666,72.98477664,1.49737959,0,2.20863489,0,0.43673571,3.55627652,3776,4238,626,254,517,133,880,686,1154,2081,1462,529,716,377,129,1530,1270,19.09158972,15.84726728,35.566074,35.60101523,35.53467153,7604,1298,152,126,79,197,481,93,170,6306,3551,741,1657,568,331,254,6161,429,535,911,4286,7388,6797,261,4225,3809,416,2099,1710,3809,1946,1315,631,55,576,1863,1251,612,101,369,118,86,51,108,80,60,240,139,172,251,313,282,504,935,110343,139600,67479,142757,147468,72872,81994,53986,0,23808,41101,82228,67975,1944.64604462,0,335,185,190,77,405,150,532,493,1858,932,943,625925,7712,302,103,65,10,0,28,152,49,7,68,28,0,0,0,0,0,0,47,31,4,22,5,16,14.73333333,17.61902689,d3e2883d-ae12-4a6f-a2ba-d95d9d8f14cc,39011766.7822266,26370.1465022957
188,Speer,11982,1073,10043,141,2,263,0,31,429,8.95509932,83.81739276,1.17676515,0.0166917,2.19495911,0,0.25872142,3.58037056,5830,6152,231,255,56,66,486,225,3704,3812,1201,904,984,421,245,608,1647,5.07427808,13.74561843,33.72088143,34.0766721,33.38925494,11824,1446,48,21,218,37,66,570,486,10378,7017,1423,3290,1551,419,334,10703,294,458,1925,8026,11751,10770,454,8526,7938,588,2214,5724,7938,1326,1093,233,77,156,6612,5146,1466,283,218,181,139,236,217,363,342,382,589,1133,1251,852,577,608,567,73490,124279,64413,95304,160556,57854,55833,58731,0,0,37023,61151,80686,1963.86166471,29,864,242,271,734,1149,1706,1000,208,2323,973,978,464418,11053,929,238,51,94,22,71,165,21,70,15,59,150,0,0,24,0,24,352,220,48,53,119,132,6.625,0.98870057,578474b3-6568-4a7f-8fb9-8c836489accf,23725568.5332031,19850.0652175006
189,Villa Park,8859,6065,2346,244,61,43,0,0,100,68.46145163,26.48154419,2.7542612,0.6885653,0.4853821,0,0,1.12879558,4908,3951,604,717,660,275,1321,1175,1215,1928,1023,920,882,275,120,2256,867,25.46562817,9.78665764,33.35399378,33.16666667,33.62153652,8459,2304,70,103,703,520,400,298,210,6155,3621,747,1421,986,273,194,5967,1653,1593,1252,1469,8255,4170,4005,3370,3249,121,1522,1727,3249,1788,974,814,312,502,1461,1040,421,249,345,109,159,331,207,136,143,36,255,257,283,230,136,293,80,43094,52254,30582,81911,99697,31676,37012,22910,23994,29686,32820,56111,33318,1955.4625,0,138,167,87,65,452,493,720,585,663,927,937,349650,7186,1673,45,13,7,0,25,9,0,0,9,0,14,0,0,0,0,0,1605,1605,35,1570,0,0,27.05,23.24218045,f2c7630c-2047-45b3-9640-fd44d1700a12,27492390.6645508,26696.1494297067
190,CBD,4631,568,3255,320,0,129,0,21,338,12.26516951,70.28719499,6.90995465,0,2.78557547,0,0.45346577,7.2986396,2868,1763,0,13,0,7,13,392,1518,1013,660,522,308,185,20,20,399,0.43187217,8.61584971,33.48716683,35.78746594,27.99649369,4631,1189,0,0,0,0,27,1007,155,3442,2983,1197,847,412,396,131,3299,140,185,701,2273,4631,3903,330,3548,2826,722,759,2067,2826,710,693,17,17,0,2116,1672,444,273,85,117,27,191,69,41,97,28,139,122,267,402,285,111,572,95973,122247,104187,176544,364835,55950,73807,32806,0,28290,24190,124474,122160,1975.78225806,0,378,543,132,588,372,730,76,0,729,1081,1125,533235,4323,308,87,0,33,0,54,157,62,76,19,0,16,0,0,0,16,0,48,48,0,0,48,0,23.5,0,0e080714-57dc-4052-af5c-1f368327c979,12018058.8837891,13717.9519088603
191,University,9922,1013,7631,377,82,410,0,18,391,10.20963515,76.9098972,3.79963717,0.82644628,4.1322314,0,0.18141504,3.94073775,5083,4839,372,255,228,142,627,2048,2647,1519,1017,596,1095,238,135,997,1046,10.04837734,10.54222939,27.77257272,28.06320969,27.48303167,9682,3981,29,19,193,202,243,2588,707,5701,4772,1187,2114,1151,151,169,5706,77,360,1281,3988,9550,8292,425,3814,3614,200,1930,1684,3614,1796,1496,300,222,78,1818,1067,751,110,77,76,85,216,242,119,80,58,182,371,181,245,370,528,674,101020,157114,49072,131046,169882,38781,44466,28229,0,21348,45227,59196,77708,1953.15789474,0,118,204,99,99,372,497,798,709,918,976,979,588213,9299,623,220,54,154,12,0,208,183,9,16,0,109,0,0,0,76,29,57,50,0,32,18,7,12.7,3.71471312,b566ebc2-da44-4127-a2e3-9bebdfd7f89f,34945220.3686523,28661.8355051594
192,Washington Park West,7382,555,6167,59,0,202,0,0,399,7.51828773,83.54104579,0.7992414,0,2.7363858,0,0,5.40503928,4028,3354,398,222,217,72,620,329,1677,2058,924,847,506,355,66,909,905,12.31373611,12.25955026,34.6574344,33.76132075,35.60921844,7141,1028,132,59,117,205,94,217,204,6113,3705,688,1711,1031,150,125,5974,91,394,768,4721,6984,6410,278,4121,3887,234,1878,2009,3887,1417,1196,221,60,161,2470,1645,825,131,122,20,72,92,137,161,138,58,256,332,463,328,303,473,801,97920,154719,70630,134188,188029,62336,63980,60213,6458,0,20491,69479,88584,1939,0,455,185,50,56,128,125,413,192,2517,1036,1081,680135,6969,413,76,41,0,35,0,177,49,69,51,8,14,14,0,0,0,23,123,123,0,123,0,0,6.35,3.54105802,389135a3-ca7f-494c-b1a3-0526bf2d3876,24311431.5942383,22359.2729448272
193,Cherry Creek,6428,362,5396,128,6,212,0,58,266,5.6316117,83.94523958,1.99128811,0.09334163,3.29807094,0,0.90230243,4.13814561,2976,3452,53,120,104,85,173,232,665,1115,771,703,980,1155,634,362,2668,5.6316117,41.50591164,53.3029872,52.10179641,54.3902439,6377,482,0,0,110,93,139,103,37,5895,2590,621,1213,502,125,129,5855,57,401,840,4557,6375,5705,245,4911,4100,811,2000,2100,4100,1727,1565,162,44,118,2373,2138,235,153,145,144,255,57,124,20,63,35,130,146,417,642,299,516,954,114057,156433,104181,165062,219452,77419,83311,66218,0,8229,39297,82628,80426,1995.4494333,0,1207,796,1147,672,568,207,84,71,159,1157,1176,935017,5593,835,324,131,93,13,87,207,32,45,68,62,25,15,0,10,0,29,250,142,17,24,101,108,4.7,0.49833887,c9cb8a6f-1990-458d-b804-9aca95481770,23557805.8393555,20364.8251896183
194,Baker,6438,1159,4421,277,46,25,0,0,510,18.00248524,68.67039453,4.30257844,0.71450761,0.38831935,0,0,7.92171482,3687,2751,172,28,39,78,200,273,2100,1527,700,660,596,175,207,317,687,4.92388941,10.67101584,33.80746562,33.9515625,33.56349206,6287,885,35,0,39,14,78,488,231,5402,3463,560,1793,691,225,194,5270,324,460,667,3819,6266,5373,457,3541,3389,152,1370,2019,3389,1045,827,218,66,152,2344,1615,729,201,73,86,20,124,16,109,36,64,420,250,427,328,255,537,443,92300,140299,62975,113925,155443,57059,56134,57450,0,29532,63696,59431,78348,1950.28521127,0,932,318,0,110,62,211,142,52,1714,995,1061,478399,5877,561,206,29,56,0,121,2,0,2,0,0,115,61,0,0,0,0,238,238,0,238,0,0,7.85,6.31578947,6e06bc48-af28-4ad2-a8da-f695c5814088,41526941.2719727,33708.6321524431
195,West Colfax,10386,3720,5754,569,23,104,0,5,211,35.81744656,55.40150202,5.47852879,0.22145195,1.00134797,0,0.04814173,2.03158097,5372,5014,409,516,451,302,925,906,1971,2720,1318,855,1015,439,237,1678,1288,16.15636434,12.40130946,34.60257353,35.4479844,33.50253807,10131,1942,75,138,387,297,437,277,331,8189,4935,1143,2372,865,382,173,8290,597,1459,1738,4496,9977,7981,1738,5764,5107,657,2055,3052,5107,1981,1437,544,126,418,3126,2197,929,385,137,152,195,193,69,144,138,202,299,487,585,443,304,637,737,81517,89003,60322,125841,154452,51878,58668,48906,10509,34956,28378,49735,99086,1970.26027397,266,1494,264,61,159,657,787,633,408,1035,969,981,594483,9346,1040,63,49,0,0,14,180,73,0,38,69,46,22,0,0,24,11,740,698,0,490,208,42,9.625,6.82634305,1d819a1c-fa85-426b-a6ce-4d78cff7d4c1,28092325.4951172,25304.0551256368
196,Goldsmith,5921,617,4290,565,35,123,0,6,285,10.42053707,72.45397737,9.54230704,0.59111637,2.0773518,0,0.10133423,4.81337612,2663,3258,696,292,270,30,988,369,1039,1150,565,409,806,221,374,1288,1040,21.75308225,17.56460057,34.41782609,33.81055901,34.85757121,5554,1176,159,34,245,271,59,328,80,4378,2588,407,1187,645,243,106,4129,208,746,1578,1597,5225,4329,399,2850,2629,221,800,1829,2629,1332,855,477,90,387,1297,1059,238,224,57,60,119,114,93,234,203,25,222,261,253,289,79,340,56,58355,80888,34910,79114,91466,36260,45682,31440,0,29906,29044,52866,72876,1971.48254252,0,0,66,176,250,1117,807,176,196,62,936,943,482177,5397,524,87,21,0,12,54,144,13,72,20,39,70,70,0,0,0,0,223,182,0,157,25,41,16.3,16.35120375,05cd68f7-0472-47cb-8125-4627dbd66fc6,21534175.0859375,32845.9395740593
197,Elyria Swansea,6712,5623,764,202,40,0,0,9,74,83.77532777,11.38259833,3.00953516,0.59594756,0,0,0.1340882,1.10250298,3548,3164,441,576,673,437,1017,1292,989,1105,938,736,404,179,52,2127,477,31.68951132,7.10667461,30.47239819,31.85472973,28.01538462,6491,1959,65,148,579,433,518,188,28,4532,3029,757,1275,610,253,134,3923,1752,1085,626,460,6271,1810,4454,2030,1871,159,820,1051,1871,1450,793,657,235,422,421,302,119,89,118,81,127,91,63,79,84,223,70,224,194,148,121,60,99,49562,49049,20563,68866,71077,33523,39896,26210,37028,35012,38353,20142,18014,1951.30993151,0,25,44,173,126,39,109,584,394,536,931,943,305645,4553,2159,5,5,0,0,0,0,0,0,0,0,0,0,0,0,0,0,2154,2154,21,2120,13,0,18.35,19.16997407,e4c965f6-ba3f-4b49-929f-f9617995a801,72613336.8549805,35137.5666234692
198,Fort Logan,8907,1857,5877,226,7,350,12,5,573,20.84877063,65.98181206,2.53733019,0.07858987,3.92949366,0.1347255,0.05613562,6.43314247,4100,4807,598,606,513,247,1204,917,786,1251,963,1410,1132,663,581,1964,2254,22.05007298,25.30593915,42.76168224,44.19762846,41.17177243,8649,2209,149,247,497,390,354,390,182,6440,3327,640,1324,925,278,160,6540,623,1579,1933,2405,8309,7369,569,3463,3279,184,2586,693,3279,2230,1621,609,227,382,1049,818,231,173,60,119,88,95,71,90,86,134,192,252,516,442,334,295,332,88541,87512,43986,107669,115693,48793,53854,44190,16607,27437,47828,64108,70000,1973.7607604,86,33,152,356,293,1394,742,366,8,33,974,1019,447906,8447,460,96,18,19,0,59,193,59,51,83,0,17,0,0,0,16,17,137,106,0,85,21,31,12.36666667,7.0212086,4dff9747-5a42-4029-ab64-c56fe89838f2,74310386.6333008,52786.1195977535
199,Harvey Park,12548,6713,4988,226,22,487,0,0,112,53.49856551,39.7513548,1.80108384,0.17532675,3.88109659,0,0,0.89257252,6229,6319,1117,703,815,508,1820,1590,1661,2444,1494,1544,1084,421,490,3143,1743,25.04781639,13.89065987,34.43003273,34.5575188,34.27782765,11850,2929,314,100,650,613,704,499,49,8921,5736,926,2177,1884,499,250,8235,1332,2588,1941,2374,11431,7851,3050,4410,4324,86,3010,1314,4324,2640,1871,769,256,513,1684,1140,544,137,50,94,181,157,211,287,276,73,396,434,659,402,298,436,233,70368,78496,30915,85920,93159,36720,39537,31476,13708,33148,44231,66288,84990,1955.6098081,0,39,15,11,103,599,378,2814,386,65,931,963,365957,10516,2032,118,11,0,0,107,363,13,0,350,0,0,0,0,0,0,20,1531,1492,102,1380,10,39,10.5,6.84375539,904a11c4-742b-4534-a534-da9236679269,47004239.668457,32222.3598851671
200,Globeville,4005,2118,1449,180,43,61,0,63,91,52.88389513,36.17977528,4.49438202,1.07365793,1.52309613,0,1.57303371,2.2721598,2411,1594,89,173,242,53,262,598,985,715,535,502,216,144,48,557,391,13.90761548,9.7627965,31.6,31.4,31.9,3973,1270,0,106,90,174,120,743,37,2703,1981,512,642,597,154,76,2374,732,560,413,669,3916,2438,1298,1438,1364,74,642,722,1364,788,467,321,187,134,576,365,211,102,16,67,95,32,71,29,0,51,167,172,186,86,134,0,156,67917,64773,33169,84808,98064,40746,45063,34414,30386,35268,40714,50214,107891,1946,0,177,116,59,27,57,70,145,164,623,1197,1341,357600,3223,782,78,31,33,0,14,32,30,2,0,0,52,2,28,0,22,0,620,620,15,597,8,0,23.8,10.91370558,9816c789-4b9f-48b2-9ff3-d6d807cd94a4,57119411.4790039,42225.8940563751
201,Marston,12116,2058,8448,91,10,1142,0,57,310,16.9858039,69.72598217,0.75107296,0.08253549,9.42555299,0,0.47045229,2.5586002,5679,6437,806,894,487,218,1700,783,1748,2352,1492,1325,1572,839,305,2405,2672,19.84978541,22.053483,36.99107143,36.93243243,37.04688797,11662,2337,301,111,758,428,296,264,179,9325,6300,641,2195,1951,941,572,9248,369,1478,3019,4382,11310,9256,634,5550,5550,0,3637,1913,5550,2882,2189,693,174,519,2668,1990,678,114,166,0,163,200,61,144,142,240,424,990,895,661,331,550,469,78659,101961,44471,94059,114805,49298,62134,40833,37605,40655,51879,61849,57931,1988.74471154,0,224,651,1841,2080,631,52,20,16,35,995,1048,378990,10540,1576,438,41,0,21,376,696,88,0,608,0,88,0,20,0,30,28,326,296,33,164,99,30,7.13333333,5.2113712,36360a08-dc06-4268-95bf-6b7a0988874e,88365476.3496094,76911.2632538415
202,Auraria,717,138,481,64,6,2,0,0,26,19.24686192,67.08507671,8.92608089,0.83682008,0.27894003,0,0,3.62622036,401,316,0,14,0,13,14,492,150,10,7,6,38,0,0,27,5,3.76569038,0.69735007,19.5,19.6,19.1,717,646,0,7,7,0,0,632,0,71,347,113,112,69,13,40,83,0,3,17,63,717,691,13,48,39,9,36,3,39,24,24,0,0,0,15,10,5,0,0,0,0,0,0,0,0,5,0,6,8,0,5,5,10,137750,139000,12730,170856,145738,0,0,0,0,0,0,0,0,0,0,0,3,5,0,0,0,5,0,35,0,0,550000,677,40,0,0,0,0,0,2,2,0,0,0,38,13,0,0,25,0,0,0,0,0,0,0,0,0,3a926727-8689-40a3-bd20-e393f24eae58,17995417.4179688,17705.4323301363
203,Barnum West,5282,3811,1278,28,26,36,0,0,103,72.15070049,24.19538054,0.53010223,0.49223779,0.68156002,0,0,1.95001893,2728,2554,116,152,456,300,268,839,839,894,1112,560,452,205,113,1024,600,19.38659599,11.35933359,36.8,34.4,40.4,5178,1196,0,36,106,252,384,348,70,3982,2712,341,1165,987,111,108,3770,1118,1145,767,740,5166,2398,2659,2020,1945,75,1392,553,1945,1309,745,564,117,447,636,394,242,30,61,28,98,142,82,110,200,154,129,132,257,258,97,88,79,55205,61719,28903,74430,74792,36672,38915,35489,25085,36346,30946,52564,63793,1955,0,0,0,75,28,147,74,1383,144,169,1265,1443,333200,3999,1283,0,0,0,0,0,23,0,0,23,0,32,0,0,0,0,0,1228,1228,0,1175,53,0,3.7,2.67379679,dbdee8dc-d737-4ad1-9d70-1cac7b728114,20177846.1000977,18305.389190955
204,Congress Park,11445,977,8839,528,33,411,0,23,634,8.53647881,77.23023154,4.61336828,0.28833552,3.59108781,0,0.20096112,5.53953692,5801,5644,686,444,379,213,1130,624,1940,3302,1606,1237,886,480,240,1722,1412,15.04587156,12.33726518,35.52892187,35.39939435,35.63491189,10981,1816,236,82,341,275,223,305,354,9165,5956,1180,2986,1250,313,227,9090,311,645,1008,7126,10759,9888,422,6407,6059,348,2650,3409,6059,2315,1801,514,136,378,3744,2843,901,330,366,81,353,156,184,164,268,88,496,631,535,468,364,458,1117,72919,146481,64113,125164,176160,58822,62715,55622,833,7982,24799,70095,79248,1939,0,111,342,171,215,388,1321,521,109,3229,965,971,663120,10809,636,94,49,14,14,17,328,211,48,55,14,26,13,0,0,13,30,158,113,11,60,42,45,10,9.32692,07341a70-e392-491e-9358-c93e8c154a1c,28808402.3198242,21457.4131420701
205,Montclair,6307,1283,4287,297,0,113,0,0,327,20.34247661,67.9720945,4.70905343,0,1.79166006,0,0,5.1847154,3270,3037,175,253,452,193,428,646,869,1181,1298,927,587,295,76,1073,982,17.01284287,15.57000159,40.20454545,41.18352601,37.88407258,6178,1235,34,90,181,297,330,150,153,4943,3364,677,1453,891,122,221,5029,251,325,950,3503,6132,5501,283,3185,3092,93,2273,819,3092,1381,1119,262,136,126,1711,1223,488,51,8,106,13,71,61,164,167,35,215,247,353,375,423,268,535,103667,140905,65672,133297,181426,59735,59253,60138,18228,21488,41956,85150,80574,1948.93739771,0,176,57,146,169,211,170,655,1222,379,986,990,539454,5745,562,217,9,18,0,140,154,87,42,25,0,18,18,0,0,0,0,173,163,0,137,26,10,5.4,0.56100982,0b4fa806-7653-480f-a294-5fee44aa09f9,28227028.0922852,21465.6468578897
206,West Highland,9707,832,8062,38,14,180,26,0,555,8.57113423,83.05346657,0.39147007,0.14422582,1.85433193,0.26784794,0,5.71752344,4929,4778,541,375,403,158,916,634,1679,2356,1495,1331,842,299,155,1477,1193,15.21582363,12.29009993,36.20564516,34.47316865,37.92639594,9323,1333,117,54,300,223,262,234,143,7990,5107,688,2704,1099,229,387,7821,88,588,2020,5125,9166,8638,319,5364,5080,284,3268,1812,5080,2201,1832,369,109,260,2879,2048,831,104,160,91,86,181,30,67,50,95,337,685,649,413,377,628,1127,100303,146606,72896,141825,174091,64430,62702,67267,0,41972,47370,67890,86452,1942.41210375,0,522,567,205,80,229,203,622,347,2589,994,993,614838,9392,315,101,61,26,7,7,111,58,24,13,16,15,0,0,0,0,0,88,21,0,0,21,67,6.45,4.97673959,171c2f98-88ae-45f3-86fb-7f7f7af596df,31297131.2514648,23642.6499170525
207,Central Park,29939,3162,20022,2694,164,2344,41,73,1439,10.561475,66.87598116,8.99829654,0.54778049,7.82925281,0.13694512,0.24382912,4.80643976,14806,15133,2689,2755,2781,1336,5444,4272,2574,5989,6142,3040,1457,819,202,9561,2429,31.93493437,8.11316343,34.02663216,33.59413469,34.39680818,28319,8579,944,493,2291,2390,1503,425,533,19740,11595,2103,4904,3387,828,373,19576,408,2178,3067,13923,27250,22491,1230,10555,10177,378,7153,3024,10177,7211,5953,1258,533,725,2966,2349,617,208,86,111,185,118,115,112,145,261,613,446,547,1247,1075,1633,3275,145801,175554,62006,186798,209612,75472,100308,54630,3490,41272,27820,81337,106787,2010.22554199,98,5489,4265,262,60,153,0,66,0,162,1151,1164,636942,26737,3202,411,93,84,0,234,1341,717,198,400,26,787,626,23,89,0,3,660,569,27,324,218,91,3.05,1.28836703,5c3656cb-f87b-4dd0-b357-21a296e40e95,249440331.161133,96052.8584676564
208,Gateway - Green Valley Ranch,43809,19320,8378,12100,65,2931,0,254,761,44.10052729,19.12392431,27.61989546,0.14837134,6.69040608,0,0.57978954,1.73708599,21783,22026,3590,3024,3967,1808,6614,6594,7385,8204,5269,5117,3040,880,706,12389,3556,28.27957726,8.11705357,31.43874939,31.35485084,31.51814947,41560,12650,806,389,2717,2950,2350,2735,703,28910,19737,2794,7377,5839,2579,1148,27150,3916,6690,8899,7645,40219,22309,12989,14863,14427,436,10544,3883,14427,10157,7836,2321,800,1521,4270,3179,1091,278,218,343,145,228,417,589,445,438,1079,1555,2906,2593,1104,1378,711,87719,88332,31424,94944,97845,41018,46346,35993,35064,40382,45443,52259,67876,2004.17136323,96,3699,6778,2607,1268,125,98,91,69,32,1105,1183,360326,32118,11691,313,25,139,96,39,2458,130,757,1215,356,1997,1007,0,0,966,0,6923,6845,409,5865,571,78,8.4,6.46669749,ee96271a-0b46-4dd6-b1ba-d8ad0eedf666,205254554.84668,66294.4974602694
209,Belcaro,4869,341,4019,109,0,158,0,34,208,7.00349148,82.54261655,2.2386527,0,3.24501951,0,0.69829534,4.27192442,2153,2716,179,276,145,83,455,237,560,813,466,420,629,782,507,683,2276,14.02752105,46.74471144,48.2,52.9,46.2,4753,774,80,83,177,129,92,95,118,3979,1617,483,952,148,17,17,3945,24,179,572,3170,4690,4228,78,2952,2473,479,1757,716,2473,1229,1074,155,104,51,1244,968,276,105,67,18,35,40,31,61,75,63,93,224,317,156,205,197,786,109250,167880,96155,185377,251121,81044,143807,73728,0,38975,51103,82003,99474,1969,149,234,562,137,117,222,445,276,319,491,1883,2090,915700,4552,317,138,0,107,0,31,150,50,37,33,30,0,0,0,0,0,0,29,23,23,0,0,6,7.5,5.53295362,be2efa56-bbac-419d-9d6b-d9bcf6e271d1,32358970.2661133,24792.0855273375
210,Ruby Hill,9946,6763,2220,237,21,434,0,82,189,67.9971848,22.32053087,2.38286748,0.21114016,4.36356324,0,0.82445204,1.90026141,5150,4796,425,597,906,272,1022,1419,1232,1839,1329,1198,885,502,520,2200,1696,22.119445,17.05208124,36.36215334,36.92974013,35.625,9674,2079,58,180,353,737,451,158,142,7595,4485,507,1659,1400,500,419,6941,2214,2179,1135,1413,9521,5191,3910,3941,3786,155,1898,1888,3786,2176,1363,813,375,438,1610,1297,313,404,407,267,258,46,129,165,117,100,254,294,491,345,219,175,115,50000,64051,26886,69551,86986,33906,40621,28945,27737,35500,47456,54054,0,1957.17579909,0,15,100,72,158,748,478,1971,269,130,859,874,341032,7754,2192,12,0,0,0,12,351,19,0,332,0,69,24,0,0,18,0,1760,1760,68,1626,66,0,19.2,13.49463924,d60b4a38-5e3e-4052-b5b6-63200def24e8,40476556.6484375,27361.7368576853
211,Overland,3339,521,2455,24,0,78,29,12,220,15.60347409,73.52500749,0.71877808,0,2.33602875,0.86852351,0.35938904,6.58879904,1665,1674,225,87,60,32,312,104,925,894,472,325,175,76,56,404,208,12.09943097,6.22941,33.1,36.3,32.3,3153,401,24,0,72,60,28,161,56,2752,1885,228,827,643,113,74,2736,201,321,674,1540,3114,2599,410,1766,1676,90,595,1081,1676,585,502,83,33,50,1091,670,421,132,22,0,13,158,11,51,82,78,140,280,122,125,95,156,211,67885,87031,55644,105439,160346,53333,53704,52500,0,28429,31953,71193,78025,1991,11,433,357,90,0,43,43,207,89,493,1636,1697,434000,2957,382,19,19,0,0,0,53,16,0,37,0,40,40,0,0,0,9,261,261,3,193,65,0,8.7,0,68030250-6263-48db-8dc1-87a078d308e1,31304777.3325195,27691.8457171666
212,Virginia Village,14885,2709,9865,1197,75,425,25,45,544,18.19952973,66.27477326,8.04165267,0.50386295,2.85522338,0.16795432,0.30231777,3.65468593,7630,7255,837,675,487,315,1512,1057,3091,3057,1935,1593,1403,808,429,2314,2191,15.54585153,14.71951629,35.24779195,35.11695906,35.38043478,14349,2756,213,163,499,438,445,594,404,11593,8026,1965,3636,1617,494,314,11320,679,1777,2700,6164,14048,11411,1350,7289,6905,384,2924,3981,6905,3136,2124,1012,413,599,3769,2731,1038,139,131,340,150,376,223,396,375,265,515,732,922,589,557,727,468,71116,83818,44837,97042,111900,40874,45181,37432,11792,35796,40578,51807,65622,1963.79080675,9,112,240,280,506,1572,1599,2684,154,133,960,972,476054,12798,2087,342,42,51,55,194,541,122,96,141,182,453,268,0,0,20,0,751,693,0,515,178,58,9.55,5.95878306,f2680161-9eee-4f7d-aaf2-1ff732743e9d,53963720.2333984,39904.2371704633
213,Lowry Field,9011,1364,6658,392,79,302,0,0,216,15.13705471,73.88747087,4.3502386,0.87670625,3.35145933,0,0,2.39707025,4082,4929,294,506,456,162,800,656,1574,896,1348,1386,1110,1096,145,1418,2329,15.73632227,25.84618799,43.86906528,45.18333333,42.99071782,8935,1861,262,32,477,389,204,284,213,7074,3825,794,1659,1035,250,87,7026,97,804,1068,5057,8717,7742,572,4652,4430,222,2367,2063,4430,2347,2085,262,55,207,2083,1606,477,241,63,37,123,50,28,173,366,183,134,235,623,312,356,349,1157,98354,150084,73765,149566,185661,65315,77505,53572,11104,60864,47586,71137,107094,2001.48976808,0,491,2199,1221,56,123,23,49,330,160,1060,1122,664779,7684,1327,387,133,132,0,122,161,61,16,0,84,20,0,0,0,0,0,759,648,531,85,32,111,7.85,4.17858623,816bb541-96b8-4210-8eed-640f9ab3e75c,64693394.5024414,35380.715964235
214,Five Points,20221,3752,12562,2367,94,359,0,140,947,18.55496761,62.12353494,11.70565254,0.46486326,1.77538203,0,0.69234954,4.68325009,11008,9213,773,496,588,330,1269,989,6777,6097,2188,1536,724,334,307,2187,1216,10.81548885,6.01355027,31.58758406,31.58199079,31.59500191,19625,2615,310,107,164,632,236,699,467,17010,9994,3126,3687,2057,768,356,16073,804,2018,3549,9702,19448,16965,1534,12113,10989,1124,2167,8822,10989,2688,1402,1286,235,1051,8301,5437,2864,987,362,313,523,294,243,252,221,193,585,1088,1298,1007,1186,1423,1014,83349,77857,57365,106029,125926,61243,69792,52599,0,38268,41220,64555,71105,2006.51430228,19,5323,2587,431,774,80,507,137,45,2210,1089,1126,555094,19069,1152,318,209,72,0,37,280,148,77,55,0,30,0,0,0,30,0,524,488,29,355,104,36,14.9,14.50186781,097f4177-acac-4b19-b89b-47cab08f4e4b,49020176.6079102,32967.2859401618
215,South Park Hill,9321,984,6733,697,11,330,50,15,501,10.55680721,72.23473876,7.47773844,0.11801309,3.54039266,0.53642313,0.16092694,5.37495977,4567,4754,571,518,563,395,1089,1254,811,1122,1502,1312,1240,760,231,2047,1950,21.96116297,20.92050209,42.3039281,42.4313602,42.16101695,9026,2500,249,152,365,456,462,583,233,6526,3785,722,1861,905,165,132,6570,149,425,978,5018,8750,8000,322,3778,3612,166,3077,535,3612,2360,2094,266,80,186,1252,1026,226,109,26,105,66,52,75,44,71,51,110,209,281,293,523,447,1150,140009,188396,78446,195976,252824,66627,80773,53566,27136,0,55472,79351,101172,1939,23,75,47,48,121,16,9,257,456,2726,966,986,754310,8607,714,80,39,11,0,30,192,50,87,38,17,42,17,10,8,0,124,276,168,6,62,100,108,4.35,1.49968798,2409e352-1488-4b0c-8327-86c64bcea6e9,41516411.4824219,28826.2747139939
216,Athmar Park,8852,5555,2815,81,121,176,0,34,70,62.75417985,31.800723,0.91504745,1.36692273,1.98825124,0,0.38409399,0.79078174,4445,4407,388,481,726,467,869,1411,1300,1849,1232,1015,622,371,183,2062,1189,23.29417081,13.43199277,34.11790157,35.36605416,32.53435583,8672,2216,138,186,416,568,546,305,57,6456,3923,887,1486,1060,235,255,6202,1499,1540,1578,1585,8464,4355,3967,3369,3260,109,2037,1223,3260,2027,1313,714,181,533,1233,744,489,118,132,111,111,163,154,180,186,51,301,459,373,284,176,345,116,64019,62025,29999,79044,68405,41016,43231,34395,26712,34984,40390,73773,66831,1953.98557944,0,32,19,159,55,238,119,1907,415,425,937,966,362114,6902,1950,25,7,0,18,0,104,27,9,68,0,7,7,0,0,0,0,1814,1783,0,1783,0,31,16.9,16.68264238,7d37bc12-3413-46b1-b51a-d67782c9e53e,43089441.0869141,27352.4233006765
217,Indian Creek,4000,508,2552,375,15,264,0,0,286,12.7,63.8,9.375,0.375,6.6,0,0,7.15,1881,2119,216,179,147,114,395,331,401,839,660,497,500,315,62,656,863,16.4,21.575,40.6,36.3,41.8,3872,816,63,81,109,84,181,159,139,3056,2197,426,979,587,163,42,3198,97,380,909,1812,3784,3145,230,2054,1953,101,1381,572,1953,830,443,387,80,307,1123,863,260,139,27,33,10,39,10,79,44,36,186,226,441,216,189,133,145,79596,93702,47314,93076,106897,49438,53497,44728,0,33856,39757,67137,66515,1985,0,25,8,300,1478,225,6,0,12,0,1446,1669,316200,3512,488,133,44,6,0,83,195,57,6,132,0,90,0,0,11,12,0,70,64,0,9,55,6,11.2,4.21686747,daedeb1c-0a24-4aa5-9036-88e4211e613f,13601118.5102539,22096.0924105252
218,Jefferson Park,3795,1002,2400,97,0,103,0,0,193,26.40316206,63.24110672,2.55599473,0,2.7140975,0,0,5.085639,2107,1688,140,137,19,0,277,149,1225,1348,478,116,49,123,30,296,247,7.7997365,6.5085639,31.64577151,32.02740642,31.17,3698,477,33,0,91,19,39,215,80,3221,2312,363,1038,593,46,272,3204,335,149,336,2384,3655,2800,730,2524,2254,270,655,1599,2254,560,415,145,19,126,1694,1218,476,147,71,16,138,7,37,19,0,32,321,184,153,325,176,294,334,100154,150000,86954,124746,199224,70435,82551,61271,0,0,0,75313,97019,2010.12201154,86,1213,360,34,60,38,218,208,0,307,1012,1004,617037,3206,589,52,9,0,0,43,57,16,12,29,0,12,0,0,0,12,0,468,468,0,454,14,0,13.1,11.07142857,38aac267-91ea-456e-8664-98a9335ee3f9,13816777.7304688,17875.644564397
219,City Park,3591,341,2816,299,0,53,0,0,82,9.49596213,78.41826789,8.32637148,0,1.475912,0,0,2.28348649,1793,1798,126,183,189,27,309,246,722,969,416,226,288,217,198,525,670,14.61988304,18.6577555,34.6,36.9,31.9,3580,680,59,0,204,129,44,60,184,2900,1884,283,857,494,103,147,3006,49,186,403,2368,3465,3036,155,2143,1903,240,729,1174,1903,581,453,128,14,114,1322,922,400,89,15,27,129,41,81,58,54,17,186,158,248,126,222,140,312,85429,141903,73969,136629,200297,56500,69798,52882,0,42679,27139,55465,81250,1966,0,288,429,108,33,122,207,117,16,823,1220,1232,630200,3262,329,26,8,9,0,9,46,26,16,4,0,184,13,0,0,0,12,61,61,8,46,7,0,10.2,10.15490534,1d1a7cbc-23a1-4c28-b930-31995069c192,21501884.8569336,18693.847467735
220,Clayton,4439,2289,1431,470,13,114,11,0,111,51.56566794,32.23699031,10.58797026,0.29285875,2.56814598,0.24780356,0,2.50056319,2360,2079,318,310,369,127,628,610,787,1105,638,257,238,94,82,1124,327,25.32101825,7.36652399,31.3,31,31.7,4276,1164,48,71,257,320,252,96,120,3112,1753,316,832,391,93,121,2900,718,356,593,1233,4121,2309,1767,1849,1721,128,931,790,1721,1010,659,351,152,199,711,397,314,211,67,66,79,42,39,3,59,148,175,149,163,157,66,198,99,58484,57366,32015,78322,80564,54980,56778,53194,43000,0,49375,71395,67361,1951,0,142,78,52,110,100,68,405,264,630,1143,1236,428400,3484,955,17,0,11,6,0,29,0,6,23,0,0,0,0,0,0,0,909,909,0,897,12,0,24.4,21.18811881,5d6ad8ca-20f7-45ea-9267-f4e6b1e948ff,21519545.8613281,18701.2820352296
221,Country Club,3242,250,2877,37,0,15,0,0,63,7.71128933,88.74151758,1.14127082,0,0.46267736,0,0,1.94324491,1747,1495,154,209,178,145,363,388,176,254,418,564,598,381,100,686,1027,21.15977791,31.67797656,51.1,46.6,52.4,3189,718,108,30,168,133,197,63,19,2471,1489,635,572,215,26,41,2445,13,13,194,2225,3088,2886,126,1458,1364,94,1209,155,1364,1013,919,94,34,60,351,274,77,10,17,0,26,0,36,22,0,0,49,61,77,91,104,81,790,250001,250001,160709,366023,439889,158177,200938,125153,0,0,97981,126328,223571,0,0,11,34,16,16,21,7,50,63,1240,1694,1694,1238500,3063,179,55,6,27,12,10,35,7,11,7,10,20,20,0,0,0,0,69,27,0,0,27,42,2.3,1.67818361,9659f5f0-96da-432f-a3dd-d67fd54b33c2,18117732.6005859,17262.9056322489
222,University Hills,6660,643,5202,267,22,223,0,20,283,9.65465465,78.10810811,4.00900901,0.33033033,3.34834835,0,0.3003003,4.24924925,3326,3334,528,535,175,21,1063,206,632,1628,1078,487,897,303,366,1259,1316,18.9039039,19.75975976,37.89987715,37.93220339,37.875,6512,996,209,19,187,198,79,117,187,5516,3185,688,1253,968,169,107,5171,387,654,1201,2929,6132,4995,463,3041,2986,55,1576,1410,2986,1552,1268,284,126,158,1434,1078,356,127,57,114,65,99,75,35,42,120,182,265,404,379,304,291,427,94306,117625,55542,117618,136908,58080,59010,56717,33666,56320,38556,58118,88599,1957.54107032,0,388,109,20,150,211,382,1607,131,43,1219,1280,451063,5919,741,354,20,12,286,36,139,102,0,37,0,7,0,0,0,0,0,241,230,0,230,0,11,6.2,0.49423394,354e8bc7-79d3-4c83-8aaf-33a4aa9be25c,40415020.0170898,38138.9168211552
223,Washington Park,7302,509,6509,63,24,82,7,29,79,6.97069296,89.13996165,0.86277732,0.32867707,1.12298001,0.09586415,0.39715147,1.08189537,3775,3527,353,466,320,195,819,577,646,923,1326,1054,1110,652,195,1334,1822,18.26896741,24.95206793,44.6561086,43.80722071,45.70861486,7134,1517,185,128,348,217,251,224,164,5617,2951,637,1314,722,144,134,5637,105,345,505,4682,6949,6625,163,3527,3177,350,2700,477,3177,1996,1776,220,71,149,1181,882,299,91,39,7,50,43,30,53,30,53,177,104,243,254,248,363,1392,172933,201459,107544,238206,282532,79848,100555,52471,0,0,44507,84202,107278,1939,0,287,248,95,54,467,168,177,118,1913,1491,1530,837921,7011,291,67,47,20,0,0,62,19,17,26,0,51,12,0,0,39,0,111,65,11,10,44,46,5.25,4.93804473,6d17a0ed-9887-449c-9de0-5aae8058bcb8,42190114.2758789,30678.3107342324
224,Whittier,4793,1058,2685,701,35,149,2,0,163,22.07385771,56.01919466,14.62549551,0.73023159,3.10870019,0.04172752,0,3.40079282,2270,2523,439,200,215,150,639,429,658,1363,844,255,404,114,87,1004,388,20.94721469,8.09513874,34.2,33.5,34.8,4582,881,198,12,188,195,185,55,48,3701,2263,447,948,631,145,92,3548,228,354,622,2344,4354,3871,379,2315,2145,170,1264,881,2145,1146,679,467,0,467,999,478,521,66,101,68,151,15,117,47,25,60,78,89,167,138,220,371,432,110313,105000,58190,127708,136598,66493,74675,57629,0,0,35000,66136,91532,0,0,78,107,71,0,138,341,261,50,1269,771,922,516200,4631,162,22,0,13,9,0,102,46,28,0,28,0,0,0,0,0,2,36,18,18,0,0,18,10.1,7.67888307,ff851576-4ea9-4935-83dc-68c7bb93ae86,15698880.8613281,15874.2656998311
225,Barnum,5906,4300,1280,10,218,9,0,7,82,72.8073146,21.67287504,0.16931934,3.69116153,0.1523874,0,0.11852354,1.38841856,3019,2887,471,379,426,411,850,964,656,1114,822,682,417,245,156,1687,768,28.56417203,13.00372503,33.1,32.3,36.1,5640,1489,40,70,310,293,504,223,49,4151,2433,216,844,1110,119,144,3858,1162,1253,794,649,5435,2694,2719,2095,1932,163,1064,868,1932,1288,844,444,150,294,644,385,259,99,111,132,68,133,91,140,73,73,234,298,208,160,80,24,8,52890,53119,19851,57367,54817,30283,36714,21321,21186,30148,37546,0,55208,1952,0,0,122,24,28,82,159,811,283,586,1262,1445,323200,4751,1155,0,0,0,0,0,0,0,0,0,0,0,0,0,0,0,0,1155,1142,0,1078,64,13,22,22.82608696,d475d1c6-f6f1-4de2-8830-ca22b1bb7896,21507921.7338867,18715.3867934312
226,Westwood,17771,14627,2240,497,145,179,0,7,76,82.30825502,12.60480558,2.79669124,0.81593608,1.00725902,0,0.03939002,0.42766305,8633,9138,1702,2209,1726,1014,3911,3295,1988,2787,2585,1571,1022,371,241,6651,1239,37.42614372,6.97203309,27.60337022,28.59003215,26.73080569,16886,5648,266,365,1785,1335,1332,482,83,11238,6540,503,1521,3819,395,302,9838,3771,3570,1581,916,16069,6217,9561,5402,5288,114,1968,3320,5288,4015,2176,1839,367,1472,1273,1035,238,610,392,213,388,384,444,377,194,221,382,336,618,224,265,189,51,37824,38702,16674,53290,54576,32316,36162,27223,31512,32873,35618,48531,49709,1955.98281938,0,206,433,213,174,590,324,2270,712,480,928,941,287424,12144,5627,0,0,0,0,0,135,7,9,119,0,94,6,6,0,0,0,5398,5385,74,5291,20,13,30.025,28.41208762,e673ff58-3b76-44ee-872b-fcf45bd6794a,41724303.7993164,26478.6320826308
227,Hampden,19510,3046,12545,1949,0,1049,0,154,767,15.61250641,64.30035879,9.98974885,0,5.37672988,0,0.7893388,3.93131727,9449,10061,1256,807,983,520,2063,1612,3308,3626,2016,2578,2222,1449,636,3566,4118,18.27780625,21.10712455,36.88030888,36.10490968,38.02147239,18648,3978,314,163,852,707,557,791,594,14670,9688,1933,4593,2103,537,522,14759,842,2011,4372,7534,18254,14054,1507,10385,9437,948,4651,4786,9437,4607,3064,1543,440,1103,4830,3844,986,433,259,341,284,403,178,259,672,141,1106,1262,1095,822,824,514,844,67636,84634,45918,101111,118376,49309,55350,40902,33649,21374,44075,61805,61848,1975.34112903,0,533,287,372,1732,5580,1657,105,0,119,963,976,396498,16021,3489,658,3,150,25,480,1244,365,336,236,307,629,169,31,92,329,18,940,911,58,641,212,29,8.92,6.88739857,420a15e8-2980-48a0-9f36-df60e60e32b0,78750038.4042969,62868.5891356259
228,Lincoln Park,6566,2685,2775,746,24,143,0,0,193,40.89247639,42.26317393,11.36155955,0.36551934,2.17788608,0,0,2.93938471,3501,3065,427,330,154,149,757,438,1352,1571,1037,481,621,283,26,1060,697,16.14377094,10.61529089,34.21642266,35.28325942,32.77802691,6365,1111,114,60,251,87,177,281,141,5254,3093,710,1167,915,200,101,5005,611,946,1269,2179,6139,4411,1254,3656,3351,305,1074,2277,3351,1193,582,611,416,195,2158,1572,586,338,310,157,212,60,249,74,43,20,231,518,239,301,135,229,235,59198,68920,42124,80330,102328,44007,58296,31652,9792,33254,46712,73896,71146,1981.34168865,25,862,86,210,758,199,226,122,6,1162,949,980,433333,5350,1216,75,39,0,26,10,103,67,9,15,12,339,241,91,0,7,12,687,678,0,665,13,9,25.1,11.69423201,4ecbc8ca-3016-4e53-a117-5fb4458881c6,35633890.0053711,25907.0027524116
229,Southmoor Park,6050,383,5005,202,16,230,0,0,214,6.33057851,82.72727273,3.33884298,0.26446281,3.80165289,0,0,3.53719008,3147,2903,139,176,156,93,315,294,1915,1382,770,460,424,234,256,564,833,9.32231405,13.76859504,33.26266281,33.93960149,32.3238342,5953,955,39,0,168,122,140,295,191,4998,3553,913,1425,873,271,71,4888,89,367,929,3503,5911,5361,160,3773,3492,281,906,2586,3492,1095,879,216,157,59,2397,1764,633,225,43,43,32,68,34,118,188,165,264,360,495,396,428,302,331,85404,118014,62985,115548,140693,56366,62707,52044,1250,49800,54652,66333,73913,2001.7477221,0,1179,878,645,128,189,448,277,14,15,1078,1131,535028,5460,590,101,8,18,7,68,253,31,130,28,64,121,0,0,15,0,6,109,79,0,9,70,30,8.95,7.21229931,98e98b30-5659-4f60-8171-aee14d18863c,26340662.5541992,35164.6439560195
230,Hampden South,16718,2697,11851,1336,57,320,0,15,442,16.13231248,70.88766599,7.99138653,0.34094987,1.91410456,0,0.08972365,2.64385692,8319,8399,834,918,581,295,1752,1143,3054,3044,2306,1694,1762,1187,776,2628,3753,15.71958368,22.44885752,37.12549277,36.33508663,38.01995798,16375,2707,199,300,625,506,409,545,123,13668,8115,1578,3781,2031,500,225,12733,357,2152,2876,7348,15884,13751,1226,8699,8246,453,3973,4273,8246,3909,2906,1003,254,749,4337,3320,1017,344,183,197,231,269,357,322,570,197,742,828,1057,814,675,723,737,72880,87394,55124,108955,145172,47752,56654,39635,11710,41246,46857,61208,75221,1977.17325278,0,884,700,879,1265,3062,1670,190,16,33,1021,1057,463261,14972,1746,308,119,42,0,147,502,115,52,17,318,96,15,0,0,0,0,840,790,17,709,64,50,5.925,3.42828162,14aabc03-62db-4115-896e-ff9b27d5cac0,80810891.730957,38366.1794527237
231,Cole,4498,2104,1784,467,8,3,0,0,132,46.77634504,39.66207203,10.38239217,0.17785683,0.06669631,0,0,2.93463762,2434,2064,335,299,189,101,634,501,855,1068,650,343,318,101,28,924,312,20.54246332,6.93641618,31,29.3,33.8,4300,1026,77,99,252,107,223,198,70,3274,2199,764,578,597,123,137,3075,527,552,725,1271,4163,2704,1381,1789,1702,87,835,867,1702,894,512,382,51,331,808,445,363,112,120,64,68,12,69,94,52,18,157,65,162,178,195,168,168,77500,68857,37709,93606,98734,46891,52530,43221,30385,34663,44602,59682,74107,0,0,49,49,47,132,36,46,104,79,1247,1254,1352,455800,4029,469,23,8,0,0,15,0,0,0,0,0,0,0,0,0,0,0,446,446,0,435,11,0,15,13.31096197,fa9969d5-a619-46d9-9558-dc4484b824ee,14276679.4208984,14883.8611196898
232,Hilltop,8886,656,6847,427,17,370,25,34,510,7.38239928,77.05379248,4.80531173,0.19131218,4.16385325,0.28134144,0.38262435,5.73936529,4160,4726,610,558,585,398,1168,1130,649,1205,1025,1337,1161,840,371,2151,2518,24.20661715,28.33670943,42.55512195,43.62222222,41.85806452,8497,2118,183,161,392,497,512,207,166,6379,3322,884,1488,693,117,140,6370,159,318,667,5226,8276,7368,308,3957,3635,322,2652,983,3635,2303,2037,266,92,174,1332,1049,283,130,59,28,45,23,63,84,60,111,75,376,309,226,245,498,1303,148315,194575,104980,258876,321356,76366,100962,51753,0,36856,29878,88344,107728,1961.01219512,0,556,497,190,33,375,369,1035,449,453,1189,1234,973008,8219,667,194,64,44,28,58,221,78,53,59,31,43,0,0,15,0,10,199,82,0,18,64,117,3.5,1.74363808,553fd070-7d78-42da-9da7-b2e3deee5f60,54393114.4125977,31557.8416791955
233,Chaffee Park,3504,1753,1561,85,7,16,0,0,82,50.02853881,44.54908676,2.42579909,0.19977169,0.456621,0,0,2.34018265,1577,1927,150,85,102,76,235,216,658,784,383,410,368,228,222,413,763,11.78652968,21.77511416,36.9,33.4,39.9,3487,595,99,20,67,51,66,145,147,2892,1713,250,659,519,153,132,2895,480,706,494,1215,3354,2367,971,1733,1664,69,993,671,1664,796,614,182,32,150,868,672,196,49,111,26,67,77,140,52,30,36,106,135,352,100,116,170,97,77570,80781,44370,91365,100620,49291,55167,40793,32853,30250,40500,66923,57917,1949,31,249,31,25,11,32,84,274,924,72,1116,1138,367700,3011,493,0,0,0,0,0,16,0,0,16,0,0,0,0,0,0,0,477,468,0,445,23,9,7.9,1.25628141,cf72a114-e967-4343-beea-b46c2d57cd55,22408857.8144531,23837.1400554782
234,Washington Virginia Vale,14775,2316,8098,2642,13,665,0,180,861,15.6751269,54.80879865,17.88155668,0.08798646,4.50084602,0,1.21827411,5.82741117,7643,7132,814,894,790,401,1708,1498,2909,2681,2243,1317,993,871,555,2899,2738,19.62098139,18.53130288,34.27172697,32.86895307,35.77083333,14336,3199,223,227,741,476,636,651,245,11137,6853,1546,2538,2076,356,337,10710,541,1814,2659,5696,13961,10848,938,7353,6737,616,2878,3859,6737,3048,1914,1134,369,765,3689,2601,1088,383,247,187,197,400,201,326,634,355,698,674,654,504,376,422,479,56282,68623,38425,85537,101677,38374,40554,33180,0,21736,37190,38118,59192,1971.9502437,0,33,200,661,854,2462,1884,1155,79,25,948,965,437046,12448,2327,542,36,0,55,451,641,68,334,118,121,683,106,41,0,129,22,439,396,13,318,65,43,13.175,7.08497777,27a7fc77-c2c0-442e-8c70-0277df55ed37,51539740.0170898,41496.1241108625
