OBJECTID_1,NBHD_NAME,GLOBALID,avgsocioeconscore,avgAccessToCareScore,avgMobidityScore,mortalityscore,avgBuiltEnvScore,avgOverallEquityScore,Shape__Area,Shape__Length
1,Auraria,87c9a88b-4a1a-48ed-ae2d-32b24d0f2c99,5,3.5,3,5,4.5,4.19999981,17995319.08,17704.8482
2,Cory - Merrill,b14d96b6-ba70-4443-acdc-8728d9233d41,5,5,3,4,2.5,3.9000001,23391660.32,19901.61524
3,Belcaro,34ad8acd-5ffe-404b-a4e8-d8da5c87f55e,5,4.5,4.5,5,3.5,4.5,32480739.82,24881.039
4,Washington Park,d548a714-1296-4cbe-a397-8e3ba67b1bf9,5,5,3.5,5,2.5,4.19999981,42112769.9,30834.6169
5,Washington Park West,abbb13fd-0259-4efa-9403-6a2389a57b67,5,5,4,4,3,4.19999981,24327691.97,22033.045
6,Speer,3b78884a-d1dd-4791-898b-c07a2976bdf3,4,3.5,3,2,3.5,3.20000005,23807849.4,19917.38041
7,Cherry Creek,c08029bd-337f-4f9a-bcfe-6f3d56e24cfe,4.5,4,3,5,3.5,4,23328242.98,20181.13352
8,Country Club,35e98cc7-b67d-4de6-9159-903377a1de88,5,5,5,4,4.5,4.69999981,18103922.29,17113.19382
9,Congress Park,5f99fbbf-e7ee-46b2-8daf-52302c2ff874,4.5,4.5,3,3,2.5,3.5,28693595.6,21415.60109
10,City Park,6a412e5a-bc48-483e-8893-876e4bd311b7,3.5,4,3,5,4,3.9000001,21423593.97,18660.41673
11,Marston,4e31091b-457c-4000-a249-87fc4f780206,4,4,3,5,2,3.5999999,88380521.54,76918.45519
12,Fort Logan,061254e6-cb53-4b60-bf1e-abd953c43979,3,3,2,4,1.5,2.70000005,73912996.94,51894.85219
13,Washington Virginia Vale,c1e3511d-1054-4477-9059-c70fa92053d4,2.5,3,3,4,3.5,3.20000005,51395169.76,43845.03027
14,Barnum,ae55c467-f15e-478c-b789-4f79e22e4020,1,2,3,2,2,2,21507882.62,18715.21993
15,Barnum West,e39afff3-c27d-40b5-ab76-2fececa61f11,1.5,1.5,2.5,3,1,1.89999998,20179221.65,18309.07406
16,West Colfax,5fb1c9c3-0ec4-4025-a569-c2ced64a61bd,1.5,2,1.5,1,3,1.79999995,28049791.39,24602.83679
17,West Highland,404d895f-3820-4d71-90f9-e602a6d06c7e,4,4.5,3.5,4,3,3.79999995,31298250.48,23646.85594
18,Sloan Lake,ba37f8d2-5e7e-40ee-9e1e-dc2c77e7dbc5,2.5,4,2,3,4,3.0999999,39011057.36,26370.19448
19,Berkeley,dab8fcd1-fa9d-45fa-a7b5-b3090fc356fa,3.5,4,3,3,4,3.5,41763196.97,26780.90664
20,Regis,d87a4d66-06ef-4a4f-aefa-3a853754cecf,2.5,3.5,1.5,2,2.5,2.4000001,28420025.27,28812.11239
21,Chaffee Park,514450c0-8a6b-4a07-a181-0ef809aba61f,3,3,2.5,3,4,3.0999999,21894089.99,23463.15356
22,Highland,5c80a009-cc67-473d-b66d-852ace10f688,3.5,4,3,2,3,3.0999999,32140439.73,23553.95699
23,Athmar Park,cf82ba85-16dc-4d4d-aa30-f237400ccfa6,1,2,3,3,2.5,2.29999995,43089152.53,27352.28641
24,Wellshire,74a8a0be-e6bf-409a-b0f2-bb4864dfced7,5,5,3,5,2.5,4.0999999,25890596.32,21769.19039
25,University,0881cb54-5bb1-42f8-a3c9-c6fea661d5ef,4,3,4.5,4,2.5,3.5999999,34746627.69,27978.2495
26,Rosedale,9c864a42-8e6f-48e9-8a59-dea9315e0bdf,4,4,3,4,4.5,3.9000001,15714799.24,15839.83405
27,Cheesman Park,6fac6a5d-729a-463e-9ba9-e0fe5ed65945,4,3.5,3,2,4.5,3.4000001,14682846.39,15276.34365
28,Hilltop,53f0557a-3def-442b-a2da-6cd0dbc0103b,5,4.5,4,5,3,4.30000019,48042249.16,33930.11909
29,Montclair,3f83b666-edfc-4876-acd1-caeb3e5b5997,5,5,3.5,4,3.5,4.19999981,28225487.21,21466.54267
30,Hale,3edcf242-6bcc-4e21-b71d-d80d1410b9b8,3.5,4.5,2.5,3,3.5,3.4000001,27129100.82,20906.68955
31,North Park Hill,bef16efc-b003-47cf-b4ac-a8be3b2b2964,4,3.5,3.5,2,2,3,41661870.44,28876.60888
32,South Park Hill,e24e583b-cdd9-410e-812b-459677fc100a,4.5,5,4.5,4,2,4,41553244.85,28857.00103
33,University Park,d4c3be92-bcfc-4602-84da-f55dd1a09547,3.5,3.5,3,4,4.5,3.70000005,32409535.17,22577.15269
34,Platt Park,a6b10823-39ad-427d-ada8-796aecfad5ea,4.5,4.5,4.5,4,3.5,4.19999981,22814495.81,19693.94484
35,Overland,86f6bed6-a867-4837-bf9b-8b65b12d14b6,2,2,2,1,1.5,1.70000005,31304794.25,27691.71402
36,Ruby Hill,b5055196-58c5-4dd0-b0fe-7713c5e4b990,2,1.5,2,2,4,2.29999995,40476628.23,27363.12343
37,Kennedy,8c82f1f3-4d80-40a9-b973-7a810837ba86,2,1,4,4,3,2.79999995,19575087.78,23549.23619
38,Hampden,a0e40002-f9b7-461c-bf5a-3ebfb68315ad,3,3,3,4,2.5,3.0999999,78761939.29,62418.6416
39,Southmoor Park,6b90fef6-daba-472c-b868-dbaba51d01d8,4,4.5,3,5,1.5,3.5999999,25967087.26,35130.86761
40,Hampden South,5b6c7e01-08f3-48b0-b213-f53564045bc0,4.5,4,2.5,4,2.5,3.5,81168938.65,38297.50485
41,Indian Creek,cc4bd396-1456-4273-9958-3898e9e16396,4.5,3.5,3,5,1.5,3.5,13589034.92,22128.80121
42,Goldsmith,cac5cc79-e592-4bc6-b35e-8d07bb5934f8,3,2.5,2.5,2,3,2.5999999,21562449.62,34328.50188
43,University Hills,5a52ba2b-fc88-4bb1-b1cd-710546e7fd53,4,4.5,2.5,3,3.5,3.5,40462891.54,38231.66686
44,Harvey Park,e0998f8c-14c3-4428-957e-b4b94e661cef,2,2.5,2,3,1.5,2.20000005,46989535.49,32202.23564
45,Mar Lee,569e3831-0894-4ad8-b3a6-b508cb043823,2,1.5,2.5,2,3.5,2.29999995,42024929.5,26475.10599
46,East Colfax,d6ec0b87-b180-4f8d-9678-c4d9171130f3,1.5,1.5,3.5,1,2,1.89999998,29808302.72,23790.85213
47,Capitol Hill,7e91aaee-6675-491a-8e33-26bb81d88528,4,2.5,4,1,4,3.0999999,18857522.89,17446.22626
48,North Capitol Hill,17f81e2a-6d1d-49bc-81ac-ad4144832c38,3,2,2.5,1,5,2.70000005,9829084.396,12487.59501
49,Civic Center,a1ff7064-2c31-450c-8e7b-dfb7577f417c,4,2.5,3.5,5,5,4,8472228.091,13890.0455
50,CBD,879f5279-a502-4780-a664-e8768440360d,2.5,2,4,5,5,3.70000005,12018056.06,13717.96264
51,Union Station,a09b4c16-143e-4af9-93ea-c52e0e56b032,3.5,3.5,4,5,5,4.19999981,12230779.27,14577.46842
52,Stapleton,d1ba4db9-dac4-418b-8443-7ecf310e1da6,4.5,4.5,4,5,2.5,4.0999999,250484446.7,95835.80879
53,Montbello,392ed13e-aa36-4ff8-b2bc-6062681bc06f,1.5,1,3,3,3,2.29999995,141118731.9,49232.50899
54,Lowry Field,c142b4e7-2e3b-4335-b4ce-a75aa3723f2e,4,4,3,3,3.5,3.5,71897804.09,41607.22491
55,Gateway - Green Valley Ranch,e847be70-4955-477c-a587-49a374041438,3,1.5,4,3,2,2.70000005,205298649.1,66234.37668
56,Harvey Park South,43bfaea9-12b1-48dc-a545-9b90f513bc30,2,2,3.5,3,1.5,2.4000001,38100563.09,26811.38238
57,College View - South Platte,9af80206-6b8d-42e0-9abb-26f8222968da,1,1,2.5,1,3.5,1.79999995,40660012.37,47155.11871
58,City Park West,3882e4c5-13ec-4a9e-aeec-1939c3f8911d,2.5,3,2,1,4,2.5,14914344.27,15458.95218
59,Sun Valley,25bc6cf4-e84d-496e-837c-d90b3fb3a1e2,1,1,3.5,2,3,2.0999999,17906709.26,21013.69555
60,Valverde,d12191c1-37d1-404f-874e-8fbe931935a1,1.5,1,2,1,2.5,1.60000002,26766089.26,22063.81718
61,Villa Park,66e1baa6-174f-44e9-ba45-7aa572d864be,1,1,1.5,2,2.5,1.60000002,27500990.97,26016.80127
62,Five Points,3c6cb431-2112-4cf3-b305-7c45dbda0dee,2.5,1.5,3.5,1,3.5,2.4000001,49016631.84,32937.00555
63,Globeville,e01ba671-d3a3-4030-8118-54ce287925f9,1,1.5,3,1,1.5,1.60000002,57425781.26,42152.11722
64,Bear Valley,447af022-b312-40ed-9d7c-6097b655b9de,3.5,3,2.5,5,2.5,3.29999995,37656366.16,35132.02918
65,Virginia Village,4c5d217c-d01e-474f-9f29-895824a63685,3,3.5,2,2,2,2.5,53723060.83,37172.58177
66,Windsor,b8e63cc4-8aa5-4e04-9f99-14962fca1572,2,2.5,2,4,1,2.29999995,47667490.7,38064.30984
67,Jefferson Park,93c40313-0ee9-499c-9eb3-a876e51fd9f9,2,2,3,3,5,3,13715106.55,17949.02668
68,Northeast Park Hill,0041fee0-b4d0-44b8-ac2d-186857a6930a,1.5,2,3,1,3,2.0999999,92850328.59,41938.73586
69,Elyria Swansea,c6e8537c-4809-41c0-a45a-8cd29b541555,1,1,3,3,3,2.20000005,72332227.97,35030.39835
70,Baker,3437d946-55d5-4ed3-99da-701c675f5e2e,3,4,2.5,2,4,3.0999999,41583761.32,32991.54347
71,Clayton,74fc7d91-50b4-4840-9963-e2a5b7d57a1b,1,3,3.5,1,3,2.29999995,21486778.56,18648.79322
72,Skyland,b452d0b7-cd68-40c3-993c-7468c5b69ab8,3,3,3.5,1,2.5,2.5999999,21282577.5,18885.8212
73,Lincoln Park,3f82bb8d-4dfa-4c94-84d2-03c85709a67c,1,1.5,1.5,1,4,1.79999995,35576104.54,25194.46152
74,Whittier,675668c8-9aa5-4ea7-b364-2e6d7e2c93b3,3,2.5,4,2,3,2.9000001,15698881.43,15874.26587
75,Cole,4a8113e8-ddba-475f-9789-33439fd58387,1.5,2.5,3.5,1,4,2.5,14276680.18,14883.86112
76,Westwood,c064a6a1-de11-4451-801c-86c3305437ee,1,1.5,3,2,2.5,2,41725283,26483.33591
77,Sunnyside,09c674f6-5efc-4d2a-addf-617012a00bae,2,3,2.5,2,2.5,2.4000001,39694348,25642.47694
78,DIA,5ab96def-2eae-45fd-8174-4b63e283b7af,3.5,3,3,5,1,3.0999999,1181286887,198712.2716
